state,case_state,year,lgbtq_total,govt_fund,t,state_policy,temp_id,t2,l_lgbtq_total,l_state_policy,l_govt_fund,l2_lgbtq_total,l2_state_policy,l2_govt_fund,l3_lgbtq_total,l3_state_policy,l3_govt_fund,l4_lgbtq_total,l4_state_policy,l4_govt_fund,l5_lgbtq_total,l5_state_policy,l5_govt_fund,l6_lgbtq_total,l6_state_policy,l6_govt_fund,fd_lgbtq_total,fd_state_policy,fd_govt_fund,fd_l_lgbtq_total,fd_l_state_policy,fd_l_govt_fund,fd_l2_lgbtq_total,fd_l2_state_policy,fd_l2_govt_fund,fd_l3_lgbtq_total,fd_l3_state_policy,fd_l3_govt_fund,fd_l4_lgbtq_total,fd_l4_state_policy,fd_l4_govt_fund
arkansas,3,2014,49,185,1,20.689655172413794,3,1,20,0,181,23,2.2988505747126435,91,NA,NA,NA,NA,NA,NA,NA,NA,NA,NA,NA,NA,29,20.689655172413794,4,-3,-2.2988505747126435,90,NA,NA,NA,NA,NA,NA,NA,NA,NA
arizona,4,2014,140,361,1,20.689655172413794,4,1,49,20.689655172413794,185,20,0,181,23,2.2988505747126435,91,NA,NA,NA,NA,NA,NA,NA,NA,NA,91,0,176,29,20.689655172413794,4,-3,-2.2988505747126435,90,NA,NA,NA,NA,NA,NA
california,5,2014,280,736,1,98.85057471264368,5,1,140,20.689655172413794,361,49,20.689655172413794,185,20,0,181,23,2.2988505747126435,91,NA,NA,NA,NA,NA,NA,140,78.16091954022988,375,91,0,176,29,20.689655172413794,4,-3,-2.2988505747126435,90,NA,NA,NA
colorado,6,2014,39,188,1,89.65517241379311,6,1,280,98.85057471264368,736,140,20.689655172413794,361,49,20.689655172413794,185,20,0,181,23,2.2988505747126435,91,NA,NA,NA,-241,-9.195402298850567,-548,140,78.16091954022988,375,91,0,176,29,20.689655172413794,4,-3,-2.2988505747126435,90
connecticut,7,2014,69,219,1,89.65517241379311,7,1,39,89.65517241379311,188,280,98.85057471264368,736,140,20.689655172413794,361,49,20.689655172413794,185,20,0,181,23,2.2988505747126435,91,30,0,31,-241,-9.195402298850567,-548,140,78.16091954022988,375,91,0,176,29,20.689655172413794,4
delaware,8,2014,11,38,1,85.0574712643678,8,1,69,89.65517241379311,219,39,89.65517241379311,188,280,98.85057471264368,736,140,20.689655172413794,361,49,20.689655172413794,185,20,0,181,-58,-4.597701149425305,-181,30,0,31,-241,-9.195402298850567,-548,140,78.16091954022988,375,91,0,176
florida,9,2014,135,458,1,9.195402298850574,9,1,11,85.0574712643678,38,69,89.65517241379311,219,39,89.65517241379311,188,280,98.85057471264368,736,140,20.689655172413794,361,49,20.689655172413794,185,124,-75.86206896551724,420,-58,-4.597701149425305,-181,30,0,31,-241,-9.195402298850567,-548,140,78.16091954022988,375
georgia,10,2014,54,202,1,9.195402298850574,10,1,135,9.195402298850574,458,11,85.0574712643678,38,69,89.65517241379311,219,39,89.65517241379311,188,280,98.85057471264368,736,140,20.689655172413794,361,-81,0,-256,124,-75.86206896551724,420,-58,-4.597701149425305,-181,30,0,31,-241,-9.195402298850567,-548
hawaii,11,2014,18,56,1,73.5632183908046,11,1,54,9.195402298850574,202,135,9.195402298850574,458,11,85.0574712643678,38,69,89.65517241379311,219,39,89.65517241379311,188,280,98.85057471264368,736,-36,64.36781609195401,-146,-81,0,-256,124,-75.86206896551724,420,-58,-4.597701149425305,-181,30,0,31
iowa,12,2014,31,168,1,73.5632183908046,12,1,18,73.5632183908046,56,54,9.195402298850574,202,135,9.195402298850574,458,11,85.0574712643678,38,69,89.65517241379311,219,39,89.65517241379311,188,13,0,112,-36,64.36781609195401,-146,-81,0,-256,124,-75.86206896551724,420,-58,-4.597701149425305,-181
idaho,13,2014,62,186,1,11.494252873563218,13,1,31,73.5632183908046,168,18,73.5632183908046,56,54,9.195402298850574,202,135,9.195402298850574,458,11,85.0574712643678,38,69,89.65517241379311,219,31,-62.068965517241374,18,13,0,112,-36,64.36781609195401,-146,-81,0,-256,124,-75.86206896551724,420
illinois,14,2014,95,415,1,80.45977011494253,14,1,62,11.494252873563218,186,31,73.5632183908046,168,18,73.5632183908046,56,54,9.195402298850574,202,135,9.195402298850574,458,11,85.0574712643678,38,33,68.96551724137932,229,31,-62.068965517241374,18,13,0,112,-36,64.36781609195401,-146,-81,0,-256
indiana,15,2014,44,291,1,48.275862068965516,15,1,95,80.45977011494253,415,62,11.494252873563218,186,31,73.5632183908046,168,18,73.5632183908046,56,54,9.195402298850574,202,135,9.195402298850574,458,-51,-32.18390804597701,-124,33,68.96551724137932,229,31,-62.068965517241374,18,13,0,112,-36,64.36781609195401,-146
kansas,16,2014,16,129,1,9.195402298850574,16,1,44,48.275862068965516,291,95,80.45977011494253,415,62,11.494252873563218,186,31,73.5632183908046,168,18,73.5632183908046,56,54,9.195402298850574,202,-28,-39.08045977011494,-162,-51,-32.18390804597701,-124,33,68.96551724137932,229,31,-62.068965517241374,18,13,0,112
kentucky,17,2014,37,182,1,18.39080459770115,17,1,16,9.195402298850574,129,44,48.275862068965516,291,95,80.45977011494253,415,62,11.494252873563218,186,31,73.5632183908046,168,18,73.5632183908046,56,21,9.195402298850574,53,-28,-39.08045977011494,-162,-51,-32.18390804597701,-124,33,68.96551724137932,229,31,-62.068965517241374,18
louisiana,18,2014,48,120,1,9.195402298850574,18,1,37,18.39080459770115,182,16,9.195402298850574,129,44,48.275862068965516,291,95,80.45977011494253,415,62,11.494252873563218,186,31,73.5632183908046,168,11,-9.195402298850574,-62,21,9.195402298850574,53,-28,-39.08045977011494,-162,-51,-32.18390804597701,-124,33,68.96551724137932,229
massachusetts,19,2014,120,273,1,82.75862068965517,19,1,48,9.195402298850574,120,37,18.39080459770115,182,16,9.195402298850574,129,44,48.275862068965516,291,95,80.45977011494253,415,62,11.494252873563218,186,72,73.5632183908046,153,11,-9.195402298850574,-62,21,9.195402298850574,53,-28,-39.08045977011494,-162,-51,-32.18390804597701,-124
maryland,20,2014,85,243,1,73.5632183908046,20,1,120,82.75862068965517,273,48,9.195402298850574,120,37,18.39080459770115,182,16,9.195402298850574,129,44,48.275862068965516,291,95,80.45977011494253,415,-35,-9.195402298850581,-30,72,73.5632183908046,153,11,-9.195402298850574,-62,21,9.195402298850574,53,-28,-39.08045977011494,-162
maine,21,2014,46,195,1,94.25287356321839,21,1,85,73.5632183908046,243,120,82.75862068965517,273,48,9.195402298850574,120,37,18.39080459770115,182,16,9.195402298850574,129,44,48.275862068965516,291,-39,20.689655172413794,-48,-35,-9.195402298850581,-30,72,73.5632183908046,153,11,-9.195402298850574,-62,21,9.195402298850574,53
michigan,22,2014,70,301,1,4.597701149425287,22,1,46,94.25287356321839,195,85,73.5632183908046,243,120,82.75862068965517,273,48,9.195402298850574,120,37,18.39080459770115,182,16,9.195402298850574,129,24,-89.6551724137931,106,-39,20.689655172413794,-48,-35,-9.195402298850581,-30,72,73.5632183908046,153,11,-9.195402298850574,-62
minnesota,23,2014,45,221,1,71.26436781609196,23,1,70,4.597701149425287,301,46,94.25287356321839,195,85,73.5632183908046,243,120,82.75862068965517,273,48,9.195402298850574,120,37,18.39080459770115,182,-25,66.66666666666667,-80,24,-89.6551724137931,106,-39,20.689655172413794,-48,-35,-9.195402298850581,-30,72,73.5632183908046,153
missouri,24,2014,62,201,1,13.793103448275861,24,1,45,71.26436781609196,221,70,4.597701149425287,301,46,94.25287356321839,195,85,73.5632183908046,243,120,82.75862068965517,273,48,9.195402298850574,120,17,-57.471264367816104,-20,-25,66.66666666666667,-80,24,-89.6551724137931,106,-39,20.689655172413794,-48,-35,-9.195402298850581,-30
mississippi,25,2014,49,171,1,4.597701149425287,25,1,62,13.793103448275861,201,45,71.26436781609196,221,70,4.597701149425287,301,46,94.25287356321839,195,85,73.5632183908046,243,120,82.75862068965517,273,-13,-9.195402298850574,-30,17,-57.471264367816104,-20,-25,66.66666666666667,-80,24,-89.6551724137931,106,-39,20.689655172413794,-48
montana,26,2014,21,102,1,11.494252873563218,26,1,49,4.597701149425287,171,62,13.793103448275861,201,45,71.26436781609196,221,70,4.597701149425287,301,46,94.25287356321839,195,85,73.5632183908046,243,-28,6.896551724137931,-69,-13,-9.195402298850574,-30,17,-57.471264367816104,-20,-25,66.66666666666667,-80,24,-89.6551724137931,106
north carolina,27,2014,92,337,1,16.091954022988507,27,1,21,11.494252873563218,102,49,4.597701149425287,171,62,13.793103448275861,201,45,71.26436781609196,221,70,4.597701149425287,301,46,94.25287356321839,195,71,4.597701149425289,235,-28,6.896551724137931,-69,-13,-9.195402298850574,-30,17,-57.471264367816104,-20,-25,66.66666666666667,-80
north dakota,28,2014,6,28,1,4.597701149425287,28,1,92,16.091954022988507,337,21,11.494252873563218,102,49,4.597701149425287,171,62,13.793103448275861,201,45,71.26436781609196,221,70,4.597701149425287,301,-86,-11.49425287356322,-309,71,4.597701149425289,235,-28,6.896551724137931,-69,-13,-9.195402298850574,-30,17,-57.471264367816104,-20
nebraska,29,2014,16,106,1,13.793103448275861,29,1,6,4.597701149425287,28,92,16.091954022988507,337,21,11.494252873563218,102,49,4.597701149425287,171,62,13.793103448275861,201,45,71.26436781609196,221,10,9.195402298850574,78,-86,-11.49425287356322,-309,71,4.597701149425289,235,-28,6.896551724137931,-69,-13,-9.195402298850574,-30
new hampshire,30,2014,17,45,1,68.96551724137932,30,1,16,13.793103448275861,106,6,4.597701149425287,28,92,16.091954022988507,337,21,11.494252873563218,102,49,4.597701149425287,171,62,13.793103448275861,201,1,55.17241379310346,-61,10,9.195402298850574,78,-86,-11.49425287356322,-309,71,4.597701149425289,235,-28,6.896551724137931,-69
new jersey,31,2014,79,283,1,91.95402298850574,31,1,17,68.96551724137932,45,16,13.793103448275861,106,6,4.597701149425287,28,92,16.091954022988507,337,21,11.494252873563218,102,49,4.597701149425287,171,62,22.988505747126425,238,1,55.17241379310346,-61,10,9.195402298850574,78,-86,-11.49425287356322,-309,71,4.597701149425289,235
new mexico,32,2014,23,62,1,73.5632183908046,32,1,79,91.95402298850574,283,17,68.96551724137932,45,16,13.793103448275861,106,6,4.597701149425287,28,92,16.091954022988507,337,21,11.494252873563218,102,-56,-18.39080459770115,-221,62,22.988505747126425,238,1,55.17241379310346,-61,10,9.195402298850574,78,-86,-11.49425287356322,-309
nevada,33,2014,12,35,1,71.26436781609196,33,1,23,73.5632183908046,62,79,91.95402298850574,283,17,68.96551724137932,45,16,13.793103448275861,106,6,4.597701149425287,28,92,16.091954022988507,337,-11,-2.298850574712631,-27,-56,-18.39080459770115,-221,62,22.988505747126425,238,1,55.17241379310346,-61,10,9.195402298850574,78
new york,34,2014,334,887,1,66.66666666666666,34,1,12,71.26436781609196,35,23,73.5632183908046,62,79,91.95402298850574,283,17,68.96551724137932,45,16,13.793103448275861,106,6,4.597701149425287,28,322,-4.597701149425305,852,-11,-2.298850574712631,-27,-56,-18.39080459770115,-221,62,22.988505747126425,238,1,55.17241379310346,-61
ohio,35,2014,121,511,1,2.2988505747126435,35,1,334,66.66666666666666,887,12,71.26436781609196,35,23,73.5632183908046,62,79,91.95402298850574,283,17,68.96551724137932,45,16,13.793103448275861,106,-213,-64.36781609195401,-376,322,-4.597701149425305,852,-11,-2.298850574712631,-27,-56,-18.39080459770115,-221,62,22.988505747126425,238
oklahoma,36,2014,37,130,1,29.88505747126437,36,1,121,2.2988505747126435,511,334,66.66666666666666,887,12,71.26436781609196,35,23,73.5632183908046,62,79,91.95402298850574,283,17,68.96551724137932,45,-84,27.58620689655173,-381,-213,-64.36781609195401,-376,322,-4.597701149425305,852,-11,-2.298850574712631,-27,-56,-18.39080459770115,-221
oregon,37,2014,41,181,1,98.85057471264368,37,1,37,29.88505747126437,130,121,2.2988505747126435,511,334,66.66666666666666,887,12,71.26436781609196,35,23,73.5632183908046,62,79,91.95402298850574,283,4,68.9655172413793,51,-84,27.58620689655173,-381,-213,-64.36781609195401,-376,322,-4.597701149425305,852,-11,-2.298850574712631,-27
pennsylvania,38,2014,142,528,1,48.275862068965516,38,1,41,98.85057471264368,181,37,29.88505747126437,130,121,2.2988505747126435,511,334,66.66666666666666,887,12,71.26436781609196,35,23,73.5632183908046,62,101,-50.57471264367816,347,4,68.9655172413793,51,-84,27.58620689655173,-381,-213,-64.36781609195401,-376,322,-4.597701149425305,852
rhode island,39,2014,11,55,1,80.45977011494253,39,1,142,48.275862068965516,528,41,98.85057471264368,181,37,29.88505747126437,130,121,2.2988505747126435,511,334,66.66666666666666,887,12,71.26436781609196,35,-131,32.18390804597701,-473,101,-50.57471264367816,347,4,68.9655172413793,51,-84,27.58620689655173,-381,-213,-64.36781609195401,-376
south carolina,40,2014,26,107,1,4.597701149425287,40,1,11,80.45977011494253,55,142,48.275862068965516,528,41,98.85057471264368,181,37,29.88505747126437,130,121,2.2988505747126435,511,334,66.66666666666666,887,15,-75.86206896551724,52,-131,32.18390804597701,-473,101,-50.57471264367816,347,4,68.9655172413793,51,-84,27.58620689655173,-381
south dakota,41,2014,15,51,1,4.597701149425287,41,1,26,4.597701149425287,107,11,80.45977011494253,55,142,48.275862068965516,528,41,98.85057471264368,181,37,29.88505747126437,130,121,2.2988505747126435,511,-11,0,-56,15,-75.86206896551724,52,-131,32.18390804597701,-473,101,-50.57471264367816,347,4,68.9655172413793,51
tennessee,42,2014,57,272,1,4.597701149425287,42,1,15,4.597701149425287,51,26,4.597701149425287,107,11,80.45977011494253,55,142,48.275862068965516,528,41,98.85057471264368,181,37,29.88505747126437,130,42,0,221,-11,0,-56,15,-75.86206896551724,52,-131,32.18390804597701,-473,101,-50.57471264367816,347
texas,43,2014,68,299,1,16.091954022988507,43,1,57,4.597701149425287,272,15,4.597701149425287,51,26,4.597701149425287,107,11,80.45977011494253,55,142,48.275862068965516,528,41,98.85057471264368,181,11,11.49425287356322,27,42,0,221,-11,0,-56,15,-75.86206896551724,52,-131,32.18390804597701,-473
utah,44,2014,29,103,1,16.091954022988507,44,1,68,16.091954022988507,299,57,4.597701149425287,272,15,4.597701149425287,51,26,4.597701149425287,107,11,80.45977011494253,55,142,48.275862068965516,528,-39,0,-196,11,11.49425287356322,27,42,0,221,-11,0,-56,15,-75.86206896551724,52
virginia,45,2014,71,294,1,39.08045977011494,45,1,29,16.091954022988507,103,68,16.091954022988507,299,57,4.597701149425287,272,15,4.597701149425287,51,26,4.597701149425287,107,11,80.45977011494253,55,42,22.988505747126435,191,-39,0,-196,11,11.49425287356322,27,42,0,221,-11,0,-56
vermont,46,2014,20,78,1,89.65517241379311,46,1,71,39.08045977011494,294,29,16.091954022988507,103,68,16.091954022988507,299,57,4.597701149425287,272,15,4.597701149425287,51,26,4.597701149425287,107,-51,50.57471264367817,-216,42,22.988505747126435,191,-39,0,-196,11,11.49425287356322,27,42,0,221
washington,47,2014,54,241,1,89.65517241379311,47,1,20,89.65517241379311,78,71,39.08045977011494,294,29,16.091954022988507,103,68,16.091954022988507,299,57,4.597701149425287,272,15,4.597701149425287,51,34,0,163,-51,50.57471264367817,-216,42,22.988505747126435,191,-39,0,-196,11,11.49425287356322,27
wisconsin,48,2014,116,378,1,73.5632183908046,48,1,54,89.65517241379311,241,20,89.65517241379311,78,71,39.08045977011494,294,29,16.091954022988507,103,68,16.091954022988507,299,57,4.597701149425287,272,62,-16.091954022988517,137,34,0,163,-51,50.57471264367817,-216,42,22.988505747126435,191,-39,0,-196
west virginia,49,2014,24,104,1,9.195402298850574,49,1,116,73.5632183908046,378,54,89.65517241379311,241,20,89.65517241379311,78,71,39.08045977011494,294,29,16.091954022988507,103,68,16.091954022988507,299,-92,-64.36781609195401,-274,62,-16.091954022988517,137,34,0,163,-51,50.57471264367817,-216,42,22.988505747126435,191
wyoming,50,2014,16,54,1,6.896551724137931,50,1,24,9.195402298850574,104,116,73.5632183908046,378,54,89.65517241379311,241,20,89.65517241379311,78,71,39.08045977011494,294,29,16.091954022988507,103,-8,-2.2988505747126435,-50,-92,-64.36781609195401,-274,62,-16.091954022988517,137,34,0,163,-51,50.57471264367817,-216
alaska,1,2015,17,95,2,11.39240506329114,51,4,16,6.896551724137931,54,24,9.195402298850574,104,116,73.5632183908046,378,54,89.65517241379311,241,20,89.65517241379311,78,71,39.08045977011494,294,1,4.495853339153209,41,-8,-2.2988505747126435,-50,-92,-64.36781609195401,-274,62,-16.091954022988517,137,34,0,163
alabama,2,2015,16,178,2,0,52,4,17,11.39240506329114,95,16,6.896551724137931,54,24,9.195402298850574,104,116,73.5632183908046,378,54,89.65517241379311,241,20,89.65517241379311,78,-1,-11.39240506329114,83,1,4.495853339153209,41,-8,-2.2988505747126435,-50,-92,-64.36781609195401,-274,62,-16.091954022988517,137
arkansas,3,2015,20,188,2,8.860759493670885,53,4,16,0,178,17,11.39240506329114,95,16,6.896551724137931,54,24,9.195402298850574,104,116,73.5632183908046,378,54,89.65517241379311,241,4,8.860759493670885,10,-1,-11.39240506329114,83,1,4.495853339153209,41,-8,-2.2988505747126435,-50,-92,-64.36781609195401,-274
arizona,4,2015,87,316,2,12.025316455696203,54,4,20,8.860759493670885,188,16,0,178,17,11.39240506329114,95,16,6.896551724137931,54,24,9.195402298850574,104,116,73.5632183908046,378,67,3.1645569620253173,128,4,8.860759493670885,10,-1,-11.39240506329114,83,1,4.495853339153209,41,-8,-2.2988505747126435,-50
california,5,2015,210,757,2,76.58227848101265,55,4,87,12.025316455696203,316,20,8.860759493670885,188,16,0,178,17,11.39240506329114,95,16,6.896551724137931,54,24,9.195402298850574,104,123,64.55696202531645,441,67,3.1645569620253173,128,4,8.860759493670885,10,-1,-11.39240506329114,83,1,4.495853339153209,41
colorado,6,2015,42,190,2,60.12658227848101,56,4,210,76.58227848101265,757,87,12.025316455696203,316,20,8.860759493670885,188,16,0,178,17,11.39240506329114,95,16,6.896551724137931,54,-168,-16.45569620253164,-567,123,64.55696202531645,441,67,3.1645569620253173,128,4,8.860759493670885,10,-1,-11.39240506329114,83
connecticut,7,2015,47,206,2,62.0253164556962,57,4,42,60.12658227848101,190,210,76.58227848101265,757,87,12.025316455696203,316,20,8.860759493670885,188,16,0,178,17,11.39240506329114,95,5,1.8987341772151893,16,-168,-16.45569620253164,-567,123,64.55696202531645,441,67,3.1645569620253173,128,4,8.860759493670885,10
delaware,8,2015,9,28,2,40.50632911392405,58,4,47,62.0253164556962,206,42,60.12658227848101,190,210,76.58227848101265,757,87,12.025316455696203,316,20,8.860759493670885,188,16,0,178,-38,-21.518987341772146,-178,5,1.8987341772151893,16,-168,-16.45569620253164,-567,123,64.55696202531645,441,67,3.1645569620253173,128
florida,9,2015,112,430,2,17.088607594936708,59,4,9,40.50632911392405,28,47,62.0253164556962,206,42,60.12658227848101,190,210,76.58227848101265,757,87,12.025316455696203,316,20,8.860759493670885,188,103,-23.417721518987346,402,-38,-21.518987341772146,-178,5,1.8987341772151893,16,-168,-16.45569620253164,-567,123,64.55696202531645,441
georgia,10,2015,51,200,2,3.79746835443038,60,4,112,17.088607594936708,430,9,40.50632911392405,28,47,62.0253164556962,206,42,60.12658227848101,190,210,76.58227848101265,757,87,12.025316455696203,316,-61,-13.291139240506327,-230,103,-23.417721518987346,402,-38,-21.518987341772146,-178,5,1.8987341772151893,16,-168,-16.45569620253164,-567
hawaii,11,2015,8,41,2,41.77215189873418,61,4,51,3.79746835443038,200,112,17.088607594936708,430,9,40.50632911392405,28,47,62.0253164556962,206,42,60.12658227848101,190,210,76.58227848101265,757,-43,37.9746835443038,-159,-61,-13.291139240506327,-230,103,-23.417721518987346,402,-38,-21.518987341772146,-178,5,1.8987341772151893,16
iowa,12,2015,10,152,2,35.44303797468354,62,4,8,41.77215189873418,41,51,3.79746835443038,200,112,17.088607594936708,430,9,40.50632911392405,28,47,62.0253164556962,206,42,60.12658227848101,190,2,-6.329113924050638,111,-43,37.9746835443038,-159,-61,-13.291139240506327,-230,103,-23.417721518987346,402,-38,-21.518987341772146,-178
idaho,13,2015,54,170,2,12.025316455696203,63,4,10,35.44303797468354,152,8,41.77215189873418,41,51,3.79746835443038,200,112,17.088607594936708,430,9,40.50632911392405,28,47,62.0253164556962,206,44,-23.41772151898734,18,2,-6.329113924050638,111,-43,37.9746835443038,-159,-61,-13.291139240506327,-230,103,-23.417721518987346,402
illinois,14,2015,46,371,2,56.32911392405063,64,4,54,12.025316455696203,170,10,35.44303797468354,152,8,41.77215189873418,41,51,3.79746835443038,200,112,17.088607594936708,430,9,40.50632911392405,28,-8,44.30379746835443,201,44,-23.41772151898734,18,2,-6.329113924050638,111,-43,37.9746835443038,-159,-61,-13.291139240506327,-230
indiana,15,2015,31,279,2,15.18987341772152,65,4,46,56.32911392405063,371,54,12.025316455696203,170,10,35.44303797468354,152,8,41.77215189873418,41,51,3.79746835443038,200,112,17.088607594936708,430,-15,-41.13924050632911,-92,-8,44.30379746835443,201,44,-23.41772151898734,18,2,-6.329113924050638,111,-43,37.9746835443038,-159
kansas,16,2015,10,117,2,13.924050632911392,66,4,31,15.18987341772152,279,46,56.32911392405063,371,54,12.025316455696203,170,10,35.44303797468354,152,8,41.77215189873418,41,51,3.79746835443038,200,-21,-1.265822784810128,-162,-15,-41.13924050632911,-92,-8,44.30379746835443,201,44,-23.41772151898734,18,2,-6.329113924050638,111
kentucky,17,2015,37,189,2,11.39240506329114,67,4,10,13.924050632911392,117,31,15.18987341772152,279,46,56.32911392405063,371,54,12.025316455696203,170,10,35.44303797468354,152,8,41.77215189873418,41,27,-2.5316455696202524,72,-21,-1.265822784810128,-162,-15,-41.13924050632911,-92,-8,44.30379746835443,201,44,-23.41772151898734,18
louisiana,18,2015,31,118,2,2.5316455696202533,68,4,37,11.39240506329114,189,10,13.924050632911392,117,31,15.18987341772152,279,46,56.32911392405063,371,54,12.025316455696203,170,10,35.44303797468354,152,-6,-8.860759493670887,-71,27,-2.5316455696202524,72,-21,-1.265822784810128,-162,-15,-41.13924050632911,-92,-8,44.30379746835443,201
massachusetts,19,2015,74,266,2,61.39240506329114,69,4,31,2.5316455696202533,118,37,11.39240506329114,189,10,13.924050632911392,117,31,15.18987341772152,279,46,56.32911392405063,371,54,12.025316455696203,170,43,58.86075949367089,148,-6,-8.860759493670887,-71,27,-2.5316455696202524,72,-21,-1.265822784810128,-162,-15,-41.13924050632911,-92
maryland,20,2015,81,246,2,48.10126582278481,70,4,74,61.39240506329114,266,31,2.5316455696202533,118,37,11.39240506329114,189,10,13.924050632911392,117,31,15.18987341772152,279,46,56.32911392405063,371,7,-13.291139240506332,-20,43,58.86075949367089,148,-6,-8.860759493670887,-71,27,-2.5316455696202524,72,-21,-1.265822784810128,-162
maine,21,2015,22,201,2,55.69620253164557,71,4,81,48.10126582278481,246,74,61.39240506329114,266,31,2.5316455696202533,118,37,11.39240506329114,189,10,13.924050632911392,117,31,15.18987341772152,279,-59,7.594936708860757,-45,7,-13.291139240506332,-20,43,58.86075949367089,148,-6,-8.860759493670887,-71,27,-2.5316455696202524,72
michigan,22,2015,52,312,2,3.79746835443038,72,4,22,55.69620253164557,201,81,48.10126582278481,246,74,61.39240506329114,266,31,2.5316455696202533,118,37,11.39240506329114,189,10,13.924050632911392,117,30,-51.89873417721519,111,-59,7.594936708860757,-45,7,-13.291139240506332,-20,43,58.86075949367089,148,-6,-8.860759493670887,-71
minnesota,23,2015,31,215,2,48.10126582278481,73,4,52,3.79746835443038,312,22,55.69620253164557,201,81,48.10126582278481,246,74,61.39240506329114,266,31,2.5316455696202533,118,37,11.39240506329114,189,-21,44.30379746835443,-97,30,-51.89873417721519,111,-59,7.594936708860757,-45,7,-13.291139240506332,-20,43,58.86075949367089,148
missouri,24,2015,47,205,2,6.329113924050633,74,4,31,48.10126582278481,215,52,3.79746835443038,312,22,55.69620253164557,201,81,48.10126582278481,246,74,61.39240506329114,266,31,2.5316455696202533,118,16,-41.77215189873418,-10,-21,44.30379746835443,-97,30,-51.89873417721519,111,-59,7.594936708860757,-45,7,-13.291139240506332,-20
mississippi,25,2015,36,173,2,2.5316455696202533,75,4,47,6.329113924050633,205,31,48.10126582278481,215,52,3.79746835443038,312,22,55.69620253164557,201,81,48.10126582278481,246,74,61.39240506329114,266,-11,-3.7974683544303796,-32,16,-41.77215189873418,-10,-21,44.30379746835443,-97,30,-51.89873417721519,111,-59,7.594936708860757,-45
montana,26,2015,21,93,2,7.59493670886076,76,4,36,2.5316455696202533,173,47,6.329113924050633,205,31,48.10126582278481,215,52,3.79746835443038,312,22,55.69620253164557,201,81,48.10126582278481,246,-15,5.063291139240507,-80,-11,-3.7974683544303796,-32,16,-41.77215189873418,-10,-21,44.30379746835443,-97,30,-51.89873417721519,111
north carolina,27,2015,62,289,2,10.126582278481013,77,4,21,7.59493670886076,93,36,2.5316455696202533,173,47,6.329113924050633,205,31,48.10126582278481,215,52,3.79746835443038,312,22,55.69620253164557,201,41,2.5316455696202533,196,-15,5.063291139240507,-80,-11,-3.7974683544303796,-32,16,-41.77215189873418,-10,-21,44.30379746835443,-97
north dakota,28,2015,5,33,2,6.329113924050633,78,4,62,10.126582278481013,289,21,7.59493670886076,93,36,2.5316455696202533,173,47,6.329113924050633,205,31,48.10126582278481,215,52,3.79746835443038,312,-57,-3.7974683544303804,-256,41,2.5316455696202533,196,-15,5.063291139240507,-80,-11,-3.7974683544303796,-32,16,-41.77215189873418,-10
nebraska,29,2015,23,115,2,8.227848101265822,79,4,5,6.329113924050633,33,62,10.126582278481013,289,21,7.59493670886076,93,36,2.5316455696202533,173,47,6.329113924050633,205,31,48.10126582278481,215,18,1.8987341772151893,82,-57,-3.7974683544303804,-256,41,2.5316455696202533,196,-15,5.063291139240507,-80,-11,-3.7974683544303796,-32
new hampshire,30,2015,14,49,2,27.848101265822784,80,4,23,8.227848101265822,115,5,6.329113924050633,33,62,10.126582278481013,289,21,7.59493670886076,93,36,2.5316455696202533,173,47,6.329113924050633,205,-9,19.620253164556964,-66,18,1.8987341772151893,82,-57,-3.7974683544303804,-256,41,2.5316455696202533,196,-15,5.063291139240507,-80
new jersey,31,2015,51,264,2,64.55696202531645,81,4,14,27.848101265822784,49,23,8.227848101265822,115,5,6.329113924050633,33,62,10.126582278481013,289,21,7.59493670886076,93,36,2.5316455696202533,173,37,36.70886075949367,215,-9,19.620253164556964,-66,18,1.8987341772151893,82,-57,-3.7974683544303804,-256,41,2.5316455696202533,196
new mexico,32,2015,19,71,2,41.77215189873418,82,4,51,64.55696202531645,264,14,27.848101265822784,49,23,8.227848101265822,115,5,6.329113924050633,33,62,10.126582278481013,289,21,7.59493670886076,93,-32,-22.784810126582272,-193,37,36.70886075949367,215,-9,19.620253164556964,-66,18,1.8987341772151893,82,-57,-3.7974683544303804,-256
nevada,33,2015,13,36,2,47.46835443037975,83,4,19,41.77215189873418,71,51,64.55696202531645,264,14,27.848101265822784,49,23,8.227848101265822,115,5,6.329113924050633,33,62,10.126582278481013,289,-6,5.696202531645568,-35,-32,-22.784810126582272,-193,37,36.70886075949367,215,-9,19.620253164556964,-66,18,1.8987341772151893,82
new york,34,2015,238,756,2,51.26582278481012,84,4,13,47.46835443037975,36,19,41.77215189873418,71,51,64.55696202531645,264,14,27.848101265822784,49,23,8.227848101265822,115,5,6.329113924050633,33,225,3.7974683544303716,720,-6,5.696202531645568,-35,-32,-22.784810126582272,-193,37,36.70886075949367,215,-9,19.620253164556964,-66
ohio,35,2015,93,524,2,13.291139240506327,85,4,238,51.26582278481012,756,13,47.46835443037975,36,19,41.77215189873418,71,51,64.55696202531645,264,14,27.848101265822784,49,23,8.227848101265822,115,-145,-37.974683544303794,-232,225,3.7974683544303716,720,-6,5.696202531645568,-35,-32,-22.784810126582272,-193,37,36.70886075949367,215
oklahoma,36,2015,24,121,2,6.329113924050633,86,4,93,13.291139240506327,524,238,51.26582278481012,756,13,47.46835443037975,36,19,41.77215189873418,71,51,64.55696202531645,264,14,27.848101265822784,49,-69,-6.962025316455694,-403,-145,-37.974683544303794,-232,225,3.7974683544303716,720,-6,5.696202531645568,-35,-32,-22.784810126582272,-193
oregon,37,2015,28,172,2,74.68354430379746,87,4,24,6.329113924050633,121,93,13.291139240506327,524,238,51.26582278481012,756,13,47.46835443037975,36,19,41.77215189873418,71,51,64.55696202531645,264,4,68.35443037974683,51,-69,-6.962025316455694,-403,-145,-37.974683544303794,-232,225,3.7974683544303716,720,-6,5.696202531645568,-35
pennsylvania,38,2015,107,513,2,17.72151898734177,88,4,28,74.68354430379746,172,24,6.329113924050633,121,93,13.291139240506327,524,238,51.26582278481012,756,13,47.46835443037975,36,19,41.77215189873418,71,79,-56.962025316455694,341,4,68.35443037974683,51,-69,-6.962025316455694,-403,-145,-37.974683544303794,-232,225,3.7974683544303716,720
rhode island,39,2015,6,51,2,58.22784810126582,89,4,107,17.72151898734177,513,28,74.68354430379746,172,24,6.329113924050633,121,93,13.291139240506327,524,238,51.26582278481012,756,13,47.46835443037975,36,-101,40.50632911392405,-462,79,-56.962025316455694,341,4,68.35443037974683,51,-69,-6.962025316455694,-403,-145,-37.974683544303794,-232
south carolina,40,2015,16,108,2,3.79746835443038,90,4,6,58.22784810126582,51,107,17.72151898734177,513,28,74.68354430379746,172,24,6.329113924050633,121,93,13.291139240506327,524,238,51.26582278481012,756,10,-54.43037974683544,57,-101,40.50632911392405,-462,79,-56.962025316455694,341,4,68.35443037974683,51,-69,-6.962025316455694,-403
south dakota,41,2015,9,51,2,8.860759493670885,91,4,16,3.79746835443038,108,6,58.22784810126582,51,107,17.72151898734177,513,28,74.68354430379746,172,24,6.329113924050633,121,93,13.291139240506327,524,-7,5.063291139240505,-57,10,-54.43037974683544,57,-101,40.50632911392405,-462,79,-56.962025316455694,341,4,68.35443037974683,51
tennessee,42,2015,37,265,2,1.2658227848101267,92,4,9,8.860759493670885,51,16,3.79746835443038,108,6,58.22784810126582,51,107,17.72151898734177,513,28,74.68354430379746,172,24,6.329113924050633,121,28,-7.594936708860759,214,-7,5.063291139240505,-57,10,-54.43037974683544,57,-101,40.50632911392405,-462,79,-56.962025316455694,341
texas,43,2015,63,316,2,10.126582278481013,93,4,37,1.2658227848101267,265,9,8.860759493670885,51,16,3.79746835443038,108,6,58.22784810126582,51,107,17.72151898734177,513,28,74.68354430379746,172,26,8.860759493670887,51,28,-7.594936708860759,214,-7,5.063291139240505,-57,10,-54.43037974683544,57,-101,40.50632911392405,-462
utah,44,2015,17,96,2,22.78481012658228,94,4,63,10.126582278481013,316,37,1.2658227848101267,265,9,8.860759493670885,51,16,3.79746835443038,108,6,58.22784810126582,51,107,17.72151898734177,513,-46,12.658227848101266,-220,26,8.860759493670887,51,28,-7.594936708860759,214,-7,5.063291139240505,-57,10,-54.43037974683544,57
virginia,45,2015,48,267,2,6.329113924050633,95,4,17,22.78481012658228,96,63,10.126582278481013,316,37,1.2658227848101267,265,9,8.860759493670885,51,16,3.79746835443038,108,6,58.22784810126582,51,31,-16.455696202531648,171,-46,12.658227848101266,-220,26,8.860759493670887,51,28,-7.594936708860759,214,-7,5.063291139240505,-57
vermont,46,2015,13,69,2,66.45569620253164,96,4,48,6.329113924050633,267,17,22.78481012658228,96,63,10.126582278481013,316,37,1.2658227848101267,265,9,8.860759493670885,51,16,3.79746835443038,108,-35,60.12658227848101,-198,31,-16.455696202531648,171,-46,12.658227848101266,-220,26,8.860759493670887,51,28,-7.594936708860759,214
washington,47,2015,51,243,2,64.55696202531645,97,4,13,66.45569620253164,69,48,6.329113924050633,267,17,22.78481012658228,96,63,10.126582278481013,316,37,1.2658227848101267,265,9,8.860759493670885,51,38,-1.8987341772151893,174,-35,60.12658227848101,-198,31,-16.455696202531648,171,-46,12.658227848101266,-220,26,8.860759493670887,51
wisconsin,48,2015,77,362,2,29.746835443037973,98,4,51,64.55696202531645,243,13,66.45569620253164,69,48,6.329113924050633,267,17,22.78481012658228,96,63,10.126582278481013,316,37,1.2658227848101267,265,26,-34.81012658227848,119,38,-1.8987341772151893,174,-35,60.12658227848101,-198,31,-16.455696202531648,171,-46,12.658227848101266,-220
west virginia,49,2015,17,106,2,13.924050632911392,99,4,77,29.746835443037973,362,51,64.55696202531645,243,13,66.45569620253164,69,48,6.329113924050633,267,17,22.78481012658228,96,63,10.126582278481013,316,-60,-15.822784810126581,-256,26,-34.81012658227848,119,38,-1.8987341772151893,174,-35,60.12658227848101,-198,31,-16.455696202531648,171
wyoming,50,2015,9,52,2,8.860759493670885,100,4,17,13.924050632911392,106,77,29.746835443037973,362,51,64.55696202531645,243,13,66.45569620253164,69,48,6.329113924050633,267,17,22.78481012658228,96,-8,-5.063291139240507,-54,-60,-15.822784810126581,-256,26,-34.81012658227848,119,38,-1.8987341772151893,174,-35,60.12658227848101,-198
alaska,1,2016,14,90,3,12.987012987012985,101,9,9,8.860759493670885,52,17,13.924050632911392,106,77,29.746835443037973,362,51,64.55696202531645,243,13,66.45569620253164,69,48,6.329113924050633,267,5,4.1262534933421,38,-8,-5.063291139240507,-54,-60,-15.822784810126581,-256,26,-34.81012658227848,119,38,-1.8987341772151893,174
alabama,2,2016,17,175,3,0,102,9,14,12.987012987012985,90,9,8.860759493670885,52,17,13.924050632911392,106,77,29.746835443037973,362,51,64.55696202531645,243,13,66.45569620253164,69,3,-12.987012987012985,85,5,4.1262534933421,38,-8,-5.063291139240507,-54,-60,-15.822784810126581,-256,26,-34.81012658227848,119
arkansas,3,2016,11,164,3,6.493506493506493,103,9,17,0,175,14,12.987012987012985,90,9,8.860759493670885,52,17,13.924050632911392,106,77,29.746835443037973,362,51,64.55696202531645,243,-6,6.493506493506493,-11,3,-12.987012987012985,85,5,4.1262534933421,38,-8,-5.063291139240507,-54,-60,-15.822784810126581,-256
arizona,4,2016,61,318,3,8.441558441558442,104,9,11,6.493506493506493,164,17,0,175,14,12.987012987012985,90,9,8.860759493670885,52,17,13.924050632911392,106,77,29.746835443037973,362,50,1.9480519480519494,154,-6,6.493506493506493,-11,3,-12.987012987012985,85,5,4.1262534933421,38,-8,-5.063291139240507,-54
california,5,2016,150,721,3,78.57142857142857,105,9,61,8.441558441558442,318,11,6.493506493506493,164,17,0,175,14,12.987012987012985,90,9,8.860759493670885,52,17,13.924050632911392,106,89,70.12987012987013,403,50,1.9480519480519494,154,-6,6.493506493506493,-11,3,-12.987012987012985,85,5,4.1262534933421,38
colorado,6,2016,20,174,3,59.09090909090909,106,9,150,78.57142857142857,721,61,8.441558441558442,318,11,6.493506493506493,164,17,0,175,14,12.987012987012985,90,9,8.860759493670885,52,-130,-19.480519480519476,-547,89,70.12987012987013,403,50,1.9480519480519494,154,-6,6.493506493506493,-11,3,-12.987012987012985,85
connecticut,7,2016,44,199,3,62.33766233766234,107,9,20,59.09090909090909,174,150,78.57142857142857,721,61,8.441558441558442,318,11,6.493506493506493,164,17,0,175,14,12.987012987012985,90,24,3.2467532467532436,25,-130,-19.480519480519476,-547,89,70.12987012987013,403,50,1.9480519480519494,154,-6,6.493506493506493,-11
delaware,8,2016,7,27,3,41.55844155844156,108,9,44,62.33766233766234,199,20,59.09090909090909,174,150,78.57142857142857,721,61,8.441558441558442,318,11,6.493506493506493,164,17,0,175,-37,-20.77922077922078,-172,24,3.2467532467532436,25,-130,-19.480519480519476,-547,89,70.12987012987013,403,50,1.9480519480519494,154
florida,9,2016,64,404,3,17.532467532467532,109,9,7,41.55844155844156,27,44,62.33766233766234,199,20,59.09090909090909,174,150,78.57142857142857,721,61,8.441558441558442,318,11,6.493506493506493,164,57,-24.025974025974026,377,-37,-20.77922077922078,-172,24,3.2467532467532436,25,-130,-19.480519480519476,-547,89,70.12987012987013,403
georgia,10,2016,37,193,3,1.2987012987012987,110,9,64,17.532467532467532,404,7,41.55844155844156,27,44,62.33766233766234,199,20,59.09090909090909,174,150,78.57142857142857,721,61,8.441558441558442,318,-27,-16.233766233766232,-211,57,-24.025974025974026,377,-37,-20.77922077922078,-172,24,3.2467532467532436,25,-130,-19.480519480519476,-547
hawaii,11,2016,7,41,3,40.25974025974026,111,9,37,1.2987012987012987,193,64,17.532467532467532,404,7,41.55844155844156,27,44,62.33766233766234,199,20,59.09090909090909,174,150,78.57142857142857,721,-30,38.961038961038966,-152,-27,-16.233766233766232,-211,57,-24.025974025974026,377,-37,-20.77922077922078,-172,24,3.2467532467532436,25
iowa,12,2016,5,142,3,33.76623376623377,112,9,7,40.25974025974026,41,37,1.2987012987012987,193,64,17.532467532467532,404,7,41.55844155844156,27,44,62.33766233766234,199,20,59.09090909090909,174,-2,-6.493506493506494,101,-30,38.961038961038966,-152,-27,-16.233766233766232,-211,57,-24.025974025974026,377,-37,-20.77922077922078,-172
idaho,13,2016,26,150,3,9.740259740259742,113,9,5,33.76623376623377,142,7,40.25974025974026,41,37,1.2987012987012987,193,64,17.532467532467532,404,7,41.55844155844156,27,44,62.33766233766234,199,21,-24.025974025974026,8,-2,-6.493506493506494,101,-30,38.961038961038966,-152,-27,-16.233766233766232,-211,57,-24.025974025974026,377
illinois,14,2016,24,325,3,57.7922077922078,114,9,26,9.740259740259742,150,5,33.76623376623377,142,7,40.25974025974026,41,37,1.2987012987012987,193,64,17.532467532467532,404,7,41.55844155844156,27,-2,48.05194805194806,175,21,-24.025974025974026,8,-2,-6.493506493506494,101,-30,38.961038961038966,-152,-27,-16.233766233766232,-211
indiana,15,2016,28,271,3,14.935064935064934,115,9,24,57.7922077922078,325,26,9.740259740259742,150,5,33.76623376623377,142,7,40.25974025974026,41,37,1.2987012987012987,193,64,17.532467532467532,404,4,-42.85714285714286,-54,-2,48.05194805194806,175,21,-24.025974025974026,8,-2,-6.493506493506494,101,-30,38.961038961038966,-152
kansas,16,2016,7,106,3,11.688311688311687,116,9,28,14.935064935064934,271,24,57.7922077922078,325,26,9.740259740259742,150,5,33.76623376623377,142,7,40.25974025974026,41,37,1.2987012987012987,193,-21,-3.246753246753247,-165,4,-42.85714285714286,-54,-2,48.05194805194806,175,21,-24.025974025974026,8,-2,-6.493506493506494,101
kentucky,17,2016,37,196,3,11.688311688311687,117,9,7,11.688311688311687,106,28,14.935064935064934,271,24,57.7922077922078,325,26,9.740259740259742,150,5,33.76623376623377,142,7,40.25974025974026,41,30,0,90,-21,-3.246753246753247,-165,4,-42.85714285714286,-54,-2,48.05194805194806,175,21,-24.025974025974026,8
louisiana,18,2016,19,118,3,2.5974025974025974,118,9,37,11.688311688311687,196,7,11.688311688311687,106,28,14.935064935064934,271,24,57.7922077922078,325,26,9.740259740259742,150,5,33.76623376623377,142,-18,-9.09090909090909,-78,30,0,90,-21,-3.246753246753247,-165,4,-42.85714285714286,-54,-2,48.05194805194806,175
massachusetts,19,2016,51,256,3,67.53246753246754,119,9,19,2.5974025974025974,118,37,11.688311688311687,196,7,11.688311688311687,106,28,14.935064935064934,271,24,57.7922077922078,325,26,9.740259740259742,150,32,64.93506493506494,138,-18,-9.09090909090909,-78,30,0,90,-21,-3.246753246753247,-165,4,-42.85714285714286,-54
maryland,20,2016,47,235,3,57.14285714285714,120,9,51,67.53246753246754,256,19,2.5974025974025974,118,37,11.688311688311687,196,7,11.688311688311687,106,28,14.935064935064934,271,24,57.7922077922078,325,-4,-10.389610389610397,-21,32,64.93506493506494,138,-18,-9.09090909090909,-78,30,0,90,-21,-3.246753246753247,-165
maine,21,2016,13,188,3,54.54545454545454,121,9,47,57.14285714285714,235,51,67.53246753246754,256,19,2.5974025974025974,118,37,11.688311688311687,196,7,11.688311688311687,106,28,14.935064935064934,271,-34,-2.597402597402599,-47,-4,-10.389610389610397,-21,32,64.93506493506494,138,-18,-9.09090909090909,-78,30,0,90
michigan,22,2016,51,307,3,7.792207792207792,122,9,13,54.54545454545454,188,47,57.14285714285714,235,51,67.53246753246754,256,19,2.5974025974025974,118,37,11.688311688311687,196,7,11.688311688311687,106,38,-46.75324675324675,119,-34,-2.597402597402599,-47,-4,-10.389610389610397,-21,32,64.93506493506494,138,-18,-9.09090909090909,-78
minnesota,23,2016,20,209,3,56.493506493506494,123,9,51,7.792207792207792,307,13,54.54545454545454,188,47,57.14285714285714,235,51,67.53246753246754,256,19,2.5974025974025974,118,37,11.688311688311687,196,-31,48.701298701298704,-98,38,-46.75324675324675,119,-34,-2.597402597402599,-47,-4,-10.389610389610397,-21,32,64.93506493506494,138
missouri,24,2016,10,193,3,3.896103896103896,124,9,20,56.493506493506494,209,51,7.792207792207792,307,13,54.54545454545454,188,47,57.14285714285714,235,51,67.53246753246754,256,19,2.5974025974025974,118,-10,-52.5974025974026,-16,-31,48.701298701298704,-98,38,-46.75324675324675,119,-34,-2.597402597402599,-47,-4,-10.389610389610397,-21
mississippi,25,2016,18,152,3,3.896103896103896,125,9,10,3.896103896103896,193,20,56.493506493506494,209,51,7.792207792207792,307,13,54.54545454545454,188,47,57.14285714285714,235,51,67.53246753246754,256,8,0,-41,-10,-52.5974025974026,-16,-31,48.701298701298704,-98,38,-46.75324675324675,119,-34,-2.597402597402599,-47
montana,26,2016,13,85,3,7.792207792207792,126,9,18,3.896103896103896,152,10,3.896103896103896,193,20,56.493506493506494,209,51,7.792207792207792,307,13,54.54545454545454,188,47,57.14285714285714,235,-5,3.896103896103896,-67,8,0,-41,-10,-52.5974025974026,-16,-31,48.701298701298704,-98,38,-46.75324675324675,119
north carolina,27,2016,43,250,3,7.792207792207792,127,9,13,7.792207792207792,85,18,3.896103896103896,152,10,3.896103896103896,193,20,56.493506493506494,209,51,7.792207792207792,307,13,54.54545454545454,188,30,0,165,-5,3.896103896103896,-67,8,0,-41,-10,-52.5974025974026,-16,-31,48.701298701298704,-98
north dakota,28,2016,4,26,3,3.896103896103896,128,9,43,7.792207792207792,250,13,7.792207792207792,85,18,3.896103896103896,152,10,3.896103896103896,193,20,56.493506493506494,209,51,7.792207792207792,307,-39,-3.896103896103896,-224,30,0,165,-5,3.896103896103896,-67,8,0,-41,-10,-52.5974025974026,-16
nebraska,29,2016,15,126,3,5.844155844155844,129,9,4,3.896103896103896,26,43,7.792207792207792,250,13,7.792207792207792,85,18,3.896103896103896,152,10,3.896103896103896,193,20,56.493506493506494,209,11,1.9480519480519476,100,-39,-3.896103896103896,-224,30,0,165,-5,3.896103896103896,-67,8,0,-41
new hampshire,30,2016,14,45,3,25.97402597402597,130,9,15,5.844155844155844,126,4,3.896103896103896,26,43,7.792207792207792,250,13,7.792207792207792,85,18,3.896103896103896,152,10,3.896103896103896,193,-1,20.129870129870127,-81,11,1.9480519480519476,100,-39,-3.896103896103896,-224,30,0,165,-5,3.896103896103896,-67
new jersey,31,2016,51,255,3,63.63636363636363,131,9,14,25.97402597402597,45,15,5.844155844155844,126,4,3.896103896103896,26,43,7.792207792207792,250,13,7.792207792207792,85,18,3.896103896103896,152,37,37.66233766233766,210,-1,20.129870129870127,-81,11,1.9480519480519476,100,-39,-3.896103896103896,-224,30,0,165
new mexico,32,2016,12,65,3,40.25974025974026,132,9,51,63.63636363636363,255,14,25.97402597402597,45,15,5.844155844155844,126,4,3.896103896103896,26,43,7.792207792207792,250,13,7.792207792207792,85,-39,-23.37662337662337,-190,37,37.66233766233766,210,-1,20.129870129870127,-81,11,1.9480519480519476,100,-39,-3.896103896103896,-224
nevada,33,2016,7,38,3,46.103896103896105,133,9,12,40.25974025974026,65,51,63.63636363636363,255,14,25.97402597402597,45,15,5.844155844155844,126,4,3.896103896103896,26,43,7.792207792207792,250,-5,5.844155844155843,-27,-39,-23.37662337662337,-190,37,37.66233766233766,210,-1,20.129870129870127,-81,11,1.9480519480519476,100
new york,34,2016,144,713,3,62.98701298701299,134,9,7,46.103896103896105,38,12,40.25974025974026,65,51,63.63636363636363,255,14,25.97402597402597,45,15,5.844155844155844,126,4,3.896103896103896,26,137,16.883116883116884,675,-5,5.844155844155843,-27,-39,-23.37662337662337,-190,37,37.66233766233766,210,-1,20.129870129870127,-81
ohio,35,2016,78,505,3,11.03896103896104,135,9,144,62.98701298701299,713,7,46.103896103896105,38,12,40.25974025974026,65,51,63.63636363636363,255,14,25.97402597402597,45,15,5.844155844155844,126,-66,-51.94805194805195,-208,137,16.883116883116884,675,-5,5.844155844155843,-27,-39,-23.37662337662337,-190,37,37.66233766233766,210
oklahoma,36,2016,25,118,3,3.896103896103896,136,9,78,11.03896103896104,505,144,62.98701298701299,713,7,46.103896103896105,38,12,40.25974025974026,65,51,63.63636363636363,255,14,25.97402597402597,45,-53,-7.142857142857143,-387,-66,-51.94805194805195,-208,137,16.883116883116884,675,-5,5.844155844155843,-27,-39,-23.37662337662337,-190
oregon,37,2016,20,156,3,72.72727272727273,137,9,25,3.896103896103896,118,78,11.03896103896104,505,144,62.98701298701299,713,7,46.103896103896105,38,12,40.25974025974026,65,51,63.63636363636363,255,-5,68.83116883116884,38,-53,-7.142857142857143,-387,-66,-51.94805194805195,-208,137,16.883116883116884,675,-5,5.844155844155843,-27
pennsylvania,38,2016,60,482,3,18.181818181818183,138,9,20,72.72727272727273,156,25,3.896103896103896,118,78,11.03896103896104,505,144,62.98701298701299,713,7,46.103896103896105,38,12,40.25974025974026,65,40,-54.54545454545455,326,-5,68.83116883116884,38,-53,-7.142857142857143,-387,-66,-51.94805194805195,-208,137,16.883116883116884,675
rhode island,39,2016,9,50,3,70.12987012987013,139,9,60,18.181818181818183,482,20,72.72727272727273,156,25,3.896103896103896,118,78,11.03896103896104,505,144,62.98701298701299,713,7,46.103896103896105,38,-51,51.94805194805194,-432,40,-54.54545454545455,326,-5,68.83116883116884,38,-53,-7.142857142857143,-387,-66,-51.94805194805195,-208
south carolina,40,2016,10,103,3,3.896103896103896,140,9,9,70.12987012987013,50,60,18.181818181818183,482,20,72.72727272727273,156,25,3.896103896103896,118,78,11.03896103896104,505,144,62.98701298701299,713,1,-66.23376623376623,53,-51,51.94805194805194,-432,40,-54.54545454545455,326,-5,68.83116883116884,38,-53,-7.142857142857143,-387
south dakota,41,2016,2,45,3,6.493506493506493,141,9,10,3.896103896103896,103,9,70.12987012987013,50,60,18.181818181818183,482,20,72.72727272727273,156,25,3.896103896103896,118,78,11.03896103896104,505,-8,2.5974025974025965,-58,1,-66.23376623376623,53,-51,51.94805194805194,-432,40,-54.54545454545455,326,-5,68.83116883116884,38
tennessee,42,2016,23,251,3,1.2987012987012987,142,9,2,6.493506493506493,45,10,3.896103896103896,103,9,70.12987012987013,50,60,18.181818181818183,482,20,72.72727272727273,156,25,3.896103896103896,118,21,-5.194805194805194,206,-8,2.5974025974025965,-58,1,-66.23376623376623,53,-51,51.94805194805194,-432,40,-54.54545454545455,326
texas,43,2016,40,303,3,10.38961038961039,143,9,23,1.2987012987012987,251,2,6.493506493506493,45,10,3.896103896103896,103,9,70.12987012987013,50,60,18.181818181818183,482,20,72.72727272727273,156,17,9.09090909090909,52,21,-5.194805194805194,206,-8,2.5974025974025965,-58,1,-66.23376623376623,53,-51,51.94805194805194,-432
utah,44,2016,10,98,3,20.77922077922078,144,9,40,10.38961038961039,303,23,1.2987012987012987,251,2,6.493506493506493,45,10,3.896103896103896,103,9,70.12987012987013,50,60,18.181818181818183,482,-30,10.38961038961039,-205,17,9.09090909090909,52,21,-5.194805194805194,206,-8,2.5974025974025965,-58,1,-66.23376623376623,53
virginia,45,2016,27,255,3,6.493506493506493,145,9,10,20.77922077922078,98,40,10.38961038961039,303,23,1.2987012987012987,251,2,6.493506493506493,45,10,3.896103896103896,103,9,70.12987012987013,50,17,-14.285714285714286,157,-30,10.38961038961039,-205,17,9.09090909090909,52,21,-5.194805194805194,206,-8,2.5974025974025965,-58
vermont,46,2016,15,67,3,73.37662337662337,146,9,27,6.493506493506493,255,10,20.77922077922078,98,40,10.38961038961039,303,23,1.2987012987012987,251,2,6.493506493506493,45,10,3.896103896103896,103,-12,66.88311688311688,-188,17,-14.285714285714286,157,-30,10.38961038961039,-205,17,9.09090909090909,52,21,-5.194805194805194,206
washington,47,2016,34,255,3,68.83116883116884,147,9,15,73.37662337662337,67,27,6.493506493506493,255,10,20.77922077922078,98,40,10.38961038961039,303,23,1.2987012987012987,251,2,6.493506493506493,45,19,-4.5454545454545325,188,-12,66.88311688311688,-188,17,-14.285714285714286,157,-30,10.38961038961039,-205,17,9.09090909090909,52
wisconsin,48,2016,45,350,3,27.92207792207792,148,9,34,68.83116883116884,255,15,73.37662337662337,67,27,6.493506493506493,255,10,20.77922077922078,98,40,10.38961038961039,303,23,1.2987012987012987,251,11,-40.90909090909092,95,19,-4.5454545454545325,188,-12,66.88311688311688,-188,17,-14.285714285714286,157,-30,10.38961038961039,-205
west virginia,49,2016,7,99,3,11.688311688311687,149,9,45,27.92207792207792,350,34,68.83116883116884,255,15,73.37662337662337,67,27,6.493506493506493,255,10,20.77922077922078,98,40,10.38961038961039,303,-38,-16.233766233766232,-251,11,-40.90909090909092,95,19,-4.5454545454545325,188,-12,66.88311688311688,-188,17,-14.285714285714286,157
wyoming,50,2016,8,50,3,6.493506493506493,150,9,7,11.688311688311687,99,45,27.92207792207792,350,34,68.83116883116884,255,15,73.37662337662337,67,27,6.493506493506493,255,10,20.77922077922078,98,1,-5.194805194805195,-49,-38,-16.233766233766232,-251,11,-40.90909090909092,95,19,-4.5454545454545325,188,-12,66.88311688311688,-188
alaska,1,2017,14,80,4,17.073170731707318,151,16,8,6.493506493506493,50,7,11.688311688311687,99,45,27.92207792207792,350,34,68.83116883116884,255,15,73.37662337662337,67,27,6.493506493506493,255,6,10.579664238200825,30,1,-5.194805194805195,-49,-38,-16.233766233766232,-251,11,-40.90909090909092,95,19,-4.5454545454545325,188
alabama,2,2017,19,155,4,0,152,16,14,17.073170731707318,80,8,6.493506493506493,50,7,11.688311688311687,99,45,27.92207792207792,350,34,68.83116883116884,255,15,73.37662337662337,67,5,-17.073170731707318,75,6,10.579664238200825,30,1,-5.194805194805195,-49,-38,-16.233766233766232,-251,11,-40.90909090909092,95
arkansas,3,2017,20,164,4,7.317073170731707,153,16,19,0,155,14,17.073170731707318,80,8,6.493506493506493,50,7,11.688311688311687,99,45,27.92207792207792,350,34,68.83116883116884,255,1,7.317073170731707,9,5,-17.073170731707318,75,6,10.579664238200825,30,1,-5.194805194805195,-49,-38,-16.233766233766232,-251
arizona,4,2017,71,308,4,13.414634146341465,154,16,20,7.317073170731707,164,19,0,155,14,17.073170731707318,80,8,6.493506493506493,50,7,11.688311688311687,99,45,27.92207792207792,350,51,6.097560975609758,144,1,7.317073170731707,9,5,-17.073170731707318,75,6,10.579664238200825,30,1,-5.194805194805195,-49
california,5,2017,171,712,4,84.14634146341463,155,16,71,13.414634146341465,308,20,7.317073170731707,164,19,0,155,14,17.073170731707318,80,8,6.493506493506493,50,7,11.688311688311687,99,100,70.73170731707316,404,51,6.097560975609758,144,1,7.317073170731707,9,5,-17.073170731707318,75,6,10.579664238200825,30
colorado,6,2017,21,167,4,62.19512195121951,156,16,171,84.14634146341463,712,71,13.414634146341465,308,20,7.317073170731707,164,19,0,155,14,17.073170731707318,80,8,6.493506493506493,50,-150,-21.951219512195117,-545,100,70.73170731707316,404,51,6.097560975609758,144,1,7.317073170731707,9,5,-17.073170731707318,75
connecticut,7,2017,56,182,4,73.17073170731707,157,16,21,62.19512195121951,167,171,84.14634146341463,712,71,13.414634146341465,308,20,7.317073170731707,164,19,0,155,14,17.073170731707318,80,35,10.975609756097562,15,-150,-21.951219512195117,-545,100,70.73170731707316,404,51,6.097560975609758,144,1,7.317073170731707,9
delaware,8,2017,12,30,4,50,158,16,56,73.17073170731707,182,21,62.19512195121951,167,171,84.14634146341463,712,71,13.414634146341465,308,20,7.317073170731707,164,19,0,155,-44,-23.170731707317074,-152,35,10.975609756097562,15,-150,-21.951219512195117,-545,100,70.73170731707316,404,51,6.097560975609758,144
florida,9,2017,75,381,4,18.29268292682927,159,16,12,50,30,56,73.17073170731707,182,21,62.19512195121951,167,171,84.14634146341463,712,71,13.414634146341465,308,20,7.317073170731707,164,63,-31.70731707317073,351,-44,-23.170731707317074,-152,35,10.975609756097562,15,-150,-21.951219512195117,-545,100,70.73170731707316,404
georgia,10,2017,42,170,4,2.4390243902439024,160,16,75,18.29268292682927,381,12,50,30,56,73.17073170731707,182,21,62.19512195121951,167,171,84.14634146341463,712,71,13.414634146341465,308,-33,-15.853658536585366,-211,63,-31.70731707317073,351,-44,-23.170731707317074,-152,35,10.975609756097562,15,-150,-21.951219512195117,-545
hawaii,11,2017,8,31,4,53.65853658536586,161,16,42,2.4390243902439024,170,75,18.29268292682927,381,12,50,30,56,73.17073170731707,182,21,62.19512195121951,167,171,84.14634146341463,712,-34,51.21951219512196,-139,-33,-15.853658536585366,-211,63,-31.70731707317073,351,-44,-23.170731707317074,-152,35,10.975609756097562,15
iowa,12,2017,11,136,4,37.80487804878049,162,16,8,53.65853658536586,31,42,2.4390243902439024,170,75,18.29268292682927,381,12,50,30,56,73.17073170731707,182,21,62.19512195121951,167,3,-15.853658536585371,105,-34,51.21951219512196,-139,-33,-15.853658536585366,-211,63,-31.70731707317073,351,-44,-23.170731707317074,-152
idaho,13,2017,26,124,4,9.75609756097561,163,16,11,37.80487804878049,136,8,53.65853658536586,31,42,2.4390243902439024,170,75,18.29268292682927,381,12,50,30,56,73.17073170731707,182,15,-28.048780487804876,-12,3,-15.853658536585371,105,-34,51.21951219512196,-139,-33,-15.853658536585366,-211,63,-31.70731707317073,351
illinois,14,2017,26,318,4,68.29268292682927,164,16,26,9.75609756097561,124,11,37.80487804878049,136,8,53.65853658536586,31,42,2.4390243902439024,170,75,18.29268292682927,381,12,50,30,0,58.53658536585366,194,15,-28.048780487804876,-12,3,-15.853658536585371,105,-34,51.21951219512196,-139,-33,-15.853658536585366,-211
indiana,15,2017,34,256,4,20.73170731707317,165,16,26,68.29268292682927,318,26,9.75609756097561,124,11,37.80487804878049,136,8,53.65853658536586,31,42,2.4390243902439024,170,75,18.29268292682927,381,8,-47.5609756097561,-62,0,58.53658536585366,194,15,-28.048780487804876,-12,3,-15.853658536585371,105,-34,51.21951219512196,-139
kansas,16,2017,13,112,4,15.24390243902439,166,16,34,20.73170731707317,256,26,68.29268292682927,318,26,9.75609756097561,124,11,37.80487804878049,136,8,53.65853658536586,31,42,2.4390243902439024,170,-21,-5.487804878048779,-144,8,-47.5609756097561,-62,0,58.53658536585366,194,15,-28.048780487804876,-12,3,-15.853658536585371,105
kentucky,17,2017,31,183,4,20.73170731707317,167,16,13,15.24390243902439,112,34,20.73170731707317,256,26,68.29268292682927,318,26,9.75609756097561,124,11,37.80487804878049,136,8,53.65853658536586,31,18,5.487804878048779,71,-21,-5.487804878048779,-144,8,-47.5609756097561,-62,0,58.53658536585366,194,15,-28.048780487804876,-12
louisiana,18,2017,25,108,4,7.317073170731707,168,16,31,20.73170731707317,183,13,15.24390243902439,112,34,20.73170731707317,256,26,68.29268292682927,318,26,9.75609756097561,124,11,37.80487804878049,136,-6,-13.414634146341463,-75,18,5.487804878048779,71,-21,-5.487804878048779,-144,8,-47.5609756097561,-62,0,58.53658536585366,194
massachusetts,19,2017,68,245,4,70.73170731707317,169,16,25,7.317073170731707,108,31,20.73170731707317,183,13,15.24390243902439,112,34,20.73170731707317,256,26,68.29268292682927,318,26,9.75609756097561,124,43,63.41463414634147,137,-6,-13.414634146341463,-75,18,5.487804878048779,71,-21,-5.487804878048779,-144,8,-47.5609756097561,-62
maryland,20,2017,57,201,4,62.19512195121951,170,16,68,70.73170731707317,245,25,7.317073170731707,108,31,20.73170731707317,183,13,15.24390243902439,112,34,20.73170731707317,256,26,68.29268292682927,318,-11,-8.53658536585366,-44,43,63.41463414634147,137,-6,-13.414634146341463,-75,18,5.487804878048779,71,-21,-5.487804878048779,-144
maine,21,2017,16,169,4,53.65853658536586,171,16,57,62.19512195121951,201,68,70.73170731707317,245,25,7.317073170731707,108,31,20.73170731707317,183,13,15.24390243902439,112,34,20.73170731707317,256,-41,-8.536585365853654,-32,-11,-8.53658536585366,-44,43,63.41463414634147,137,-6,-13.414634146341463,-75,18,5.487804878048779,71
michigan,22,2017,53,287,4,14.634146341463413,172,16,16,53.65853658536586,169,57,62.19512195121951,201,68,70.73170731707317,245,25,7.317073170731707,108,31,20.73170731707317,183,13,15.24390243902439,112,37,-39.024390243902445,118,-41,-8.536585365853654,-32,-11,-8.53658536585366,-44,43,63.41463414634147,137,-6,-13.414634146341463,-75
minnesota,23,2017,27,194,4,59.756097560975604,173,16,53,14.634146341463413,287,16,53.65853658536586,169,57,62.19512195121951,201,68,70.73170731707317,245,25,7.317073170731707,108,31,20.73170731707317,183,-26,45.12195121951219,-93,37,-39.024390243902445,118,-41,-8.536585365853654,-32,-11,-8.53658536585366,-44,43,63.41463414634147,137
missouri,24,2017,14,188,4,14.634146341463413,174,16,27,59.756097560975604,194,53,14.634146341463413,287,16,53.65853658536586,169,57,62.19512195121951,201,68,70.73170731707317,245,25,7.317073170731707,108,-13,-45.12195121951219,-6,-26,45.12195121951219,-93,37,-39.024390243902445,118,-41,-8.536585365853654,-32,-11,-8.53658536585366,-44
mississippi,25,2017,24,144,4,4.878048780487805,175,16,14,14.634146341463413,188,27,59.756097560975604,194,53,14.634146341463413,287,16,53.65853658536586,169,57,62.19512195121951,201,68,70.73170731707317,245,10,-9.756097560975608,-44,-13,-45.12195121951219,-6,-26,45.12195121951219,-93,37,-39.024390243902445,118,-41,-8.536585365853654,-32
montana,26,2017,11,84,4,12.195121951219512,176,16,24,4.878048780487805,144,14,14.634146341463413,188,27,59.756097560975604,194,53,14.634146341463413,287,16,53.65853658536586,169,57,62.19512195121951,201,-13,7.317073170731708,-60,10,-9.756097560975608,-44,-13,-45.12195121951219,-6,-26,45.12195121951219,-93,37,-39.024390243902445,118
north carolina,27,2017,43,209,4,16.463414634146343,177,16,11,12.195121951219512,84,24,4.878048780487805,144,14,14.634146341463413,188,27,59.756097560975604,194,53,14.634146341463413,287,16,53.65853658536586,169,32,4.26829268292683,125,-13,7.317073170731708,-60,10,-9.756097560975608,-44,-13,-45.12195121951219,-6,-26,45.12195121951219,-93
north dakota,28,2017,4,25,4,7.317073170731707,178,16,43,16.463414634146343,209,11,12.195121951219512,84,24,4.878048780487805,144,14,14.634146341463413,188,27,59.756097560975604,194,53,14.634146341463413,287,-39,-9.146341463414636,-184,32,4.26829268292683,125,-13,7.317073170731708,-60,10,-9.756097560975608,-44,-13,-45.12195121951219,-6
nebraska,29,2017,19,129,4,4.878048780487805,179,16,4,7.317073170731707,25,43,16.463414634146343,209,11,12.195121951219512,84,24,4.878048780487805,144,14,14.634146341463413,188,27,59.756097560975604,194,15,-2.439024390243902,104,-39,-9.146341463414636,-184,32,4.26829268292683,125,-13,7.317073170731708,-60,10,-9.756097560975608,-44
new hampshire,30,2017,21,50,4,28.04878048780488,180,16,19,4.878048780487805,129,4,7.317073170731707,25,43,16.463414634146343,209,11,12.195121951219512,84,24,4.878048780487805,144,14,14.634146341463413,188,2,23.170731707317074,-79,15,-2.439024390243902,104,-39,-9.146341463414636,-184,32,4.26829268292683,125,-13,7.317073170731708,-60
new jersey,31,2017,57,242,4,71.95121951219512,181,16,21,28.04878048780488,50,19,4.878048780487805,129,4,7.317073170731707,25,43,16.463414634146343,209,11,12.195121951219512,84,24,4.878048780487805,144,36,43.90243902439025,192,2,23.170731707317074,-79,15,-2.439024390243902,104,-39,-9.146341463414636,-184,32,4.26829268292683,125
new mexico,32,2017,12,50,4,48.78048780487805,182,16,57,71.95121951219512,242,21,28.04878048780488,50,19,4.878048780487805,129,4,7.317073170731707,25,43,16.463414634146343,209,11,12.195121951219512,84,-45,-23.170731707317074,-192,36,43.90243902439025,192,2,23.170731707317074,-79,15,-2.439024390243902,104,-39,-9.146341463414636,-184
nevada,33,2017,8,39,4,59.756097560975604,183,16,12,48.78048780487805,50,57,71.95121951219512,242,21,28.04878048780488,50,19,4.878048780487805,129,4,7.317073170731707,25,43,16.463414634146343,209,-4,10.975609756097555,-11,-45,-23.170731707317074,-192,36,43.90243902439025,192,2,23.170731707317074,-79,15,-2.439024390243902,104
new york,34,2017,153,668,4,68.29268292682927,184,16,8,59.756097560975604,39,12,48.78048780487805,50,57,71.95121951219512,242,21,28.04878048780488,50,19,4.878048780487805,129,4,7.317073170731707,25,145,8.536585365853668,629,-4,10.975609756097555,-11,-45,-23.170731707317074,-192,36,43.90243902439025,192,2,23.170731707317074,-79
ohio,35,2017,96,487,4,12.195121951219512,185,16,153,68.29268292682927,668,8,59.756097560975604,39,12,48.78048780487805,50,57,71.95121951219512,242,21,28.04878048780488,50,19,4.878048780487805,129,-57,-56.09756097560976,-181,145,8.536585365853668,629,-4,10.975609756097555,-11,-45,-23.170731707317074,-192,36,43.90243902439025,192
oklahoma,36,2017,32,118,4,7.317073170731707,186,16,96,12.195121951219512,487,153,68.29268292682927,668,8,59.756097560975604,39,12,48.78048780487805,50,57,71.95121951219512,242,21,28.04878048780488,50,-64,-4.878048780487806,-369,-57,-56.09756097560976,-181,145,8.536585365853668,629,-4,10.975609756097555,-11,-45,-23.170731707317074,-192
oregon,37,2017,26,142,4,75.60975609756098,187,16,32,7.317073170731707,118,96,12.195121951219512,487,153,68.29268292682927,668,8,59.756097560975604,39,12,48.78048780487805,50,57,71.95121951219512,242,-6,68.29268292682927,24,-64,-4.878048780487806,-369,-57,-56.09756097560976,-181,145,8.536585365853668,629,-4,10.975609756097555,-11
pennsylvania,38,2017,81,472,4,32.926829268292686,188,16,26,75.60975609756098,142,32,7.317073170731707,118,96,12.195121951219512,487,153,68.29268292682927,668,8,59.756097560975604,39,12,48.78048780487805,50,55,-42.68292682926829,330,-6,68.29268292682927,24,-64,-4.878048780487806,-369,-57,-56.09756097560976,-181,145,8.536585365853668,629
rhode island,39,2017,9,47,4,78.04878048780488,189,16,81,32.926829268292686,472,26,75.60975609756098,142,32,7.317073170731707,118,96,12.195121951219512,487,153,68.29268292682927,668,8,59.756097560975604,39,-72,45.12195121951219,-425,55,-42.68292682926829,330,-6,68.29268292682927,24,-64,-4.878048780487806,-369,-57,-56.09756097560976,-181
south carolina,40,2017,19,93,4,6.097560975609756,190,16,9,78.04878048780488,47,81,32.926829268292686,472,26,75.60975609756098,142,32,7.317073170731707,118,96,12.195121951219512,487,153,68.29268292682927,668,10,-71.95121951219512,46,-72,45.12195121951219,-425,55,-42.68292682926829,330,-6,68.29268292682927,24,-64,-4.878048780487806,-369
south dakota,41,2017,2,47,4,3.6585365853658534,191,16,19,6.097560975609756,93,9,78.04878048780488,47,81,32.926829268292686,472,26,75.60975609756098,142,32,7.317073170731707,118,96,12.195121951219512,487,-17,-2.439024390243903,-46,10,-71.95121951219512,46,-72,45.12195121951219,-425,55,-42.68292682926829,330,-6,68.29268292682927,24
tennessee,42,2017,26,248,4,1.2195121951219512,192,16,2,3.6585365853658534,47,19,6.097560975609756,93,9,78.04878048780488,47,81,32.926829268292686,472,26,75.60975609756098,142,32,7.317073170731707,118,24,-2.439024390243902,201,-17,-2.439024390243903,-46,10,-71.95121951219512,46,-72,45.12195121951219,-425,55,-42.68292682926829,330
texas,43,2017,47,287,4,14.634146341463413,193,16,26,1.2195121951219512,248,2,3.6585365853658534,47,19,6.097560975609756,93,9,78.04878048780488,47,81,32.926829268292686,472,26,75.60975609756098,142,21,13.414634146341463,39,24,-2.439024390243902,201,-17,-2.439024390243903,-46,10,-71.95121951219512,46,-72,45.12195121951219,-425
utah,44,2017,16,122,4,29.878048780487802,194,16,47,14.634146341463413,287,26,1.2195121951219512,248,2,3.6585365853658534,47,19,6.097560975609756,93,9,78.04878048780488,47,81,32.926829268292686,472,-31,15.243902439024389,-165,21,13.414634146341463,39,24,-2.439024390243902,201,-17,-2.439024390243903,-46,10,-71.95121951219512,46
virginia,45,2017,34,250,4,12.195121951219512,195,16,16,29.878048780487802,122,47,14.634146341463413,287,26,1.2195121951219512,248,2,3.6585365853658534,47,19,6.097560975609756,93,9,78.04878048780488,47,18,-17.68292682926829,128,-31,15.243902439024389,-165,21,13.414634146341463,39,24,-2.439024390243902,201,-17,-2.439024390243903,-46
vermont,46,2017,20,65,4,71.95121951219512,196,16,34,12.195121951219512,250,16,29.878048780487802,122,47,14.634146341463413,287,26,1.2195121951219512,248,2,3.6585365853658534,47,19,6.097560975609756,93,-14,59.75609756097561,-185,18,-17.68292682926829,128,-31,15.243902439024389,-165,21,13.414634146341463,39,24,-2.439024390243902,201
washington,47,2017,52,287,4,71.95121951219512,197,16,20,71.95121951219512,65,34,12.195121951219512,250,16,29.878048780487802,122,47,14.634146341463413,287,26,1.2195121951219512,248,2,3.6585365853658534,47,32,0,222,-14,59.75609756097561,-185,18,-17.68292682926829,128,-31,15.243902439024389,-165,21,13.414634146341463,39
wisconsin,48,2017,59,347,4,26.82926829268293,198,16,52,71.95121951219512,287,20,71.95121951219512,65,34,12.195121951219512,250,16,29.878048780487802,122,47,14.634146341463413,287,26,1.2195121951219512,248,7,-45.1219512195122,60,32,0,222,-14,59.75609756097561,-185,18,-17.68292682926829,128,-31,15.243902439024389,-165
west virginia,49,2017,9,102,4,10.975609756097562,199,16,59,26.82926829268293,347,52,71.95121951219512,287,20,71.95121951219512,65,34,12.195121951219512,250,16,29.878048780487802,122,47,14.634146341463413,287,-50,-15.853658536585368,-245,7,-45.1219512195122,60,32,0,222,-14,59.75609756097561,-185,18,-17.68292682926829,128
wyoming,50,2017,6,42,4,6.097560975609756,200,16,9,10.975609756097562,102,59,26.82926829268293,347,52,71.95121951219512,287,20,71.95121951219512,65,34,12.195121951219512,250,16,29.878048780487802,122,-3,-4.878048780487806,-60,-50,-15.853658536585368,-245,7,-45.1219512195122,60,32,0,222,-14,59.75609756097561,-185
alaska,1,2018,14,83,5,17.073170731707318,201,25,6,6.097560975609756,42,9,10.975609756097562,102,59,26.82926829268293,347,52,71.95121951219512,287,20,71.95121951219512,65,34,12.195121951219512,250,8,10.975609756097562,41,-3,-4.878048780487806,-60,-50,-15.853658536585368,-245,7,-45.1219512195122,60,32,0,222
alabama,2,2018,17,154,5,0,202,25,14,17.073170731707318,83,6,6.097560975609756,42,9,10.975609756097562,102,59,26.82926829268293,347,52,71.95121951219512,287,20,71.95121951219512,65,3,-17.073170731707318,71,8,10.975609756097562,41,-3,-4.878048780487806,-60,-50,-15.853658536585368,-245,7,-45.1219512195122,60
arkansas,3,2018,33,169,5,8.536585365853659,203,25,17,0,154,14,17.073170731707318,83,6,6.097560975609756,42,9,10.975609756097562,102,59,26.82926829268293,347,52,71.95121951219512,287,16,8.536585365853659,15,3,-17.073170731707318,71,8,10.975609756097562,41,-3,-4.878048780487806,-60,-50,-15.853658536585368,-245
arizona,4,2018,92,315,5,15.853658536585366,204,25,33,8.536585365853659,169,17,0,154,14,17.073170731707318,83,6,6.097560975609756,42,9,10.975609756097562,102,59,26.82926829268293,347,59,7.317073170731707,146,16,8.536585365853659,15,3,-17.073170731707318,71,8,10.975609756097562,41,-3,-4.878048780487806,-60
california,5,2018,215,703,5,86.58536585365853,205,25,92,15.853658536585366,315,33,8.536585365853659,169,17,0,154,14,17.073170731707318,83,6,6.097560975609756,42,9,10.975609756097562,102,123,70.73170731707316,388,59,7.317073170731707,146,16,8.536585365853659,15,3,-17.073170731707318,71,8,10.975609756097562,41
colorado,6,2018,28,162,5,63.41463414634146,206,25,215,86.58536585365853,703,92,15.853658536585366,315,33,8.536585365853659,169,17,0,154,14,17.073170731707318,83,6,6.097560975609756,42,-187,-23.170731707317067,-541,123,70.73170731707316,388,59,7.317073170731707,146,16,8.536585365853659,15,3,-17.073170731707318,71
connecticut,7,2018,73,194,5,74.39024390243902,207,25,28,63.41463414634146,162,215,86.58536585365853,703,92,15.853658536585366,315,33,8.536585365853659,169,17,0,154,14,17.073170731707318,83,45,10.975609756097562,32,-187,-23.170731707317067,-541,123,70.73170731707316,388,59,7.317073170731707,146,16,8.536585365853659,15
delaware,8,2018,9,33,5,59.14634146341463,208,25,73,74.39024390243902,194,28,63.41463414634146,162,215,86.58536585365853,703,92,15.853658536585366,315,33,8.536585365853659,169,17,0,154,-64,-15.243902439024396,-161,45,10.975609756097562,32,-187,-23.170731707317067,-541,123,70.73170731707316,388,59,7.317073170731707,146
florida,9,2018,93,372,5,25,209,25,9,59.14634146341463,33,73,74.39024390243902,194,28,63.41463414634146,162,215,86.58536585365853,703,92,15.853658536585366,315,33,8.536585365853659,169,84,-34.14634146341463,339,-64,-15.243902439024396,-161,45,10.975609756097562,32,-187,-23.170731707317067,-541,123,70.73170731707316,388
georgia,10,2018,48,183,5,2.4390243902439024,210,25,93,25,372,9,59.14634146341463,33,73,74.39024390243902,194,28,63.41463414634146,162,215,86.58536585365853,703,92,15.853658536585366,315,-45,-22.5609756097561,-189,84,-34.14634146341463,339,-64,-15.243902439024396,-161,45,10.975609756097562,32,-187,-23.170731707317067,-541
hawaii,11,2018,9,34,5,68.29268292682927,211,25,48,2.4390243902439024,183,93,25,372,9,59.14634146341463,33,73,74.39024390243902,194,28,63.41463414634146,162,215,86.58536585365853,703,-39,65.85365853658537,-149,-45,-22.5609756097561,-189,84,-34.14634146341463,339,-64,-15.243902439024396,-161,45,10.975609756097562,32
iowa,12,2018,18,125,5,39.02439024390244,212,25,9,68.29268292682927,34,48,2.4390243902439024,183,93,25,372,9,59.14634146341463,33,73,74.39024390243902,194,28,63.41463414634146,162,9,-29.268292682926834,91,-39,65.85365853658537,-149,-45,-22.5609756097561,-189,84,-34.14634146341463,339,-64,-15.243902439024396,-161
idaho,13,2018,26,110,5,15.853658536585366,213,25,18,39.02439024390244,125,9,68.29268292682927,34,48,2.4390243902439024,183,93,25,372,9,59.14634146341463,33,73,74.39024390243902,194,8,-23.170731707317074,-15,9,-29.268292682926834,91,-39,65.85365853658537,-149,-45,-22.5609756097561,-189,84,-34.14634146341463,339
illinois,14,2018,41,301,5,69.51219512195121,214,25,26,15.853658536585366,110,18,39.02439024390244,125,9,68.29268292682927,34,48,2.4390243902439024,183,93,25,372,9,59.14634146341463,33,15,53.658536585365844,191,8,-23.170731707317074,-15,9,-29.268292682926834,91,-39,65.85365853658537,-149,-45,-22.5609756097561,-189
indiana,15,2018,36,268,5,21.951219512195124,215,25,41,69.51219512195121,301,26,15.853658536585366,110,18,39.02439024390244,125,9,68.29268292682927,34,48,2.4390243902439024,183,93,25,372,-5,-47.560975609756085,-33,15,53.658536585365844,191,8,-23.170731707317074,-15,9,-29.268292682926834,91,-39,65.85365853658537,-149
kansas,16,2018,15,109,5,11.585365853658537,216,25,36,21.951219512195124,268,41,69.51219512195121,301,26,15.853658536585366,110,18,39.02439024390244,125,9,68.29268292682927,34,48,2.4390243902439024,183,-21,-10.365853658536587,-159,-5,-47.560975609756085,-33,15,53.658536585365844,191,8,-23.170731707317074,-15,9,-29.268292682926834,91
kentucky,17,2018,27,187,5,20.73170731707317,217,25,15,11.585365853658537,109,36,21.951219512195124,268,41,69.51219512195121,301,26,15.853658536585366,110,18,39.02439024390244,125,9,68.29268292682927,34,12,9.1463414634146325,78,-21,-10.365853658536587,-159,-5,-47.560975609756085,-33,15,53.658536585365844,191,8,-23.170731707317074,-15
louisiana,18,2018,36,105,5,7.926829268292683,218,25,27,20.73170731707317,187,15,11.585365853658537,109,36,21.951219512195124,268,41,69.51219512195121,301,26,15.853658536585366,110,18,39.02439024390244,125,9,-12.804878048780488,-82,12,9.1463414634146325,78,-21,-10.365853658536587,-159,-5,-47.560975609756085,-33,15,53.658536585365844,191
massachusetts,19,2018,71,244,5,75.60975609756098,219,25,36,7.926829268292683,105,27,20.73170731707317,187,15,11.585365853658537,109,36,21.951219512195124,268,41,69.51219512195121,301,26,15.853658536585366,110,35,67.6829268292683,139,9,-12.804878048780488,-82,12,9.1463414634146325,78,-21,-10.365853658536587,-159,-5,-47.560975609756085,-33
maryland,20,2018,62,184,5,67.6829268292683,220,25,71,75.60975609756098,244,36,7.926829268292683,105,27,20.73170731707317,187,15,11.585365853658537,109,36,21.951219512195124,268,41,69.51219512195121,301,-9,-7.926829268292678,-60,35,67.6829268292683,139,9,-12.804878048780488,-82,12,9.1463414634146325,78,-21,-10.365853658536587,-159
maine,21,2018,19,163,5,56.09756097560976,221,25,62,67.6829268292683,184,71,75.60975609756098,244,36,7.926829268292683,105,27,20.73170731707317,187,15,11.585365853658537,109,36,21.951219512195124,268,-43,-11.585365853658537,-21,-9,-7.926829268292678,-60,35,67.6829268292683,139,9,-12.804878048780488,-82,12,9.1463414634146325,78
michigan,22,2018,64,297,5,29.268292682926827,222,25,19,56.09756097560976,163,62,67.6829268292683,184,71,75.60975609756098,244,36,7.926829268292683,105,27,20.73170731707317,187,15,11.585365853658537,109,45,-26.829268292682933,134,-43,-11.585365853658537,-21,-9,-7.926829268292678,-60,35,67.6829268292683,139,9,-12.804878048780488,-82
minnesota,23,2018,39,204,5,66.46341463414635,223,25,64,29.268292682926827,297,19,56.09756097560976,163,62,67.6829268292683,184,71,75.60975609756098,244,36,7.926829268292683,105,27,20.73170731707317,187,-25,37.19512195121952,-93,45,-26.829268292682933,134,-43,-11.585365853658537,-21,-9,-7.926829268292678,-60,35,67.6829268292683,139
missouri,24,2018,21,182,5,15.24390243902439,224,25,39,66.46341463414635,204,64,29.268292682926827,297,19,56.09756097560976,163,62,67.6829268292683,184,71,75.60975609756098,244,36,7.926829268292683,105,-18,-51.21951219512196,-22,-25,37.19512195121952,-93,45,-26.829268292682933,134,-43,-11.585365853658537,-21,-9,-7.926829268292678,-60
mississippi,25,2018,27,138,5,6.097560975609756,225,25,21,15.24390243902439,182,39,66.46341463414635,204,64,29.268292682926827,297,19,56.09756097560976,163,62,67.6829268292683,184,71,75.60975609756098,244,6,-9.146341463414634,-44,-18,-51.21951219512196,-22,-25,37.19512195121952,-93,45,-26.829268292682933,134,-43,-11.585365853658537,-21
montana,26,2018,12,80,5,22.5609756097561,226,25,27,6.097560975609756,138,21,15.24390243902439,182,39,66.46341463414635,204,64,29.268292682926827,297,19,56.09756097560976,163,62,67.6829268292683,184,-15,16.463414634146343,-58,6,-9.146341463414634,-44,-18,-51.21951219512196,-22,-25,37.19512195121952,-93,45,-26.829268292682933,134
north carolina,27,2018,47,233,5,11.585365853658537,227,25,12,22.5609756097561,80,27,6.097560975609756,138,21,15.24390243902439,182,39,66.46341463414635,204,64,29.268292682926827,297,19,56.09756097560976,163,35,-10.975609756097562,153,-15,16.463414634146343,-58,6,-9.146341463414634,-44,-18,-51.21951219512196,-22,-25,37.19512195121952,-93
north dakota,28,2018,7,28,5,6.707317073170732,228,25,47,11.585365853658537,233,12,22.5609756097561,80,27,6.097560975609756,138,21,15.24390243902439,182,39,66.46341463414635,204,64,29.268292682926827,297,-40,-4.878048780487805,-205,35,-10.975609756097562,153,-15,16.463414634146343,-58,6,-9.146341463414634,-44,-18,-51.21951219512196,-22
nebraska,29,2018,19,131,5,4.878048780487805,229,25,7,6.707317073170732,28,47,11.585365853658537,233,12,22.5609756097561,80,27,6.097560975609756,138,21,15.24390243902439,182,39,66.46341463414635,204,12,-1.8292682926829276,103,-40,-4.878048780487805,-205,35,-10.975609756097562,153,-15,16.463414634146343,-58,6,-9.146341463414634,-44
new hampshire,30,2018,14,46,5,48.170731707317074,230,25,19,4.878048780487805,131,7,6.707317073170732,28,47,11.585365853658537,233,12,22.5609756097561,80,27,6.097560975609756,138,21,15.24390243902439,182,-5,43.29268292682927,-85,12,-1.8292682926829276,103,-40,-4.878048780487805,-205,35,-10.975609756097562,153,-15,16.463414634146343,-58
new jersey,31,2018,64,251,5,76.82926829268293,231,25,14,48.170731707317074,46,19,4.878048780487805,131,7,6.707317073170732,28,47,11.585365853658537,233,12,22.5609756097561,80,27,6.097560975609756,138,50,28.65853658536585,205,-5,43.29268292682927,-85,12,-1.8292682926829276,103,-40,-4.878048780487805,-205,35,-10.975609756097562,153
new mexico,32,2018,18,60,5,54.268292682926834,232,25,64,76.82926829268293,251,14,48.170731707317074,46,19,4.878048780487805,131,7,6.707317073170732,28,47,11.585365853658537,233,12,22.5609756097561,80,-46,-22.560975609756092,-191,50,28.65853658536585,205,-5,43.29268292682927,-85,12,-1.8292682926829276,103,-40,-4.878048780487805,-205
nevada,33,2018,10,40,5,67.07317073170732,233,25,18,54.268292682926834,60,64,76.82926829268293,251,14,48.170731707317074,46,19,4.878048780487805,131,7,6.707317073170732,28,47,11.585365853658537,233,-8,12.804878048780488,-20,-46,-22.560975609756092,-191,50,28.65853658536585,205,-5,43.29268292682927,-85,12,-1.8292682926829276,103
new york,34,2018,166,667,5,69.51219512195121,234,25,10,67.07317073170732,40,18,54.268292682926834,60,64,76.82926829268293,251,14,48.170731707317074,46,19,4.878048780487805,131,7,6.707317073170732,28,156,2.439024390243887,627,-8,12.804878048780488,-20,-46,-22.560975609756092,-191,50,28.65853658536585,205,-5,43.29268292682927,-85
ohio,35,2018,95,494,5,14.02439024390244,235,25,166,69.51219512195121,667,10,67.07317073170732,40,18,54.268292682926834,60,64,76.82926829268293,251,14,48.170731707317074,46,19,4.878048780487805,131,-71,-55.48780487804877,-173,156,2.439024390243887,627,-8,12.804878048780488,-20,-46,-22.560975609756092,-191,50,28.65853658536585,205
oklahoma,36,2018,32,123,5,6.097560975609756,236,25,95,14.02439024390244,494,166,69.51219512195121,667,10,67.07317073170732,40,18,54.268292682926834,60,64,76.82926829268293,251,14,48.170731707317074,46,-63,-7.926829268292684,-371,-71,-55.48780487804877,-173,156,2.439024390243887,627,-8,12.804878048780488,-20,-46,-22.560975609756092,-191
oregon,37,2018,26,147,5,76.21951219512195,237,25,32,6.097560975609756,123,95,14.02439024390244,494,166,69.51219512195121,667,10,67.07317073170732,40,18,54.268292682926834,60,64,76.82926829268293,251,-6,70.1219512195122,24,-63,-7.926829268292684,-371,-71,-55.48780487804877,-173,156,2.439024390243887,627,-8,12.804878048780488,-20
pennsylvania,38,2018,93,454,5,42.073170731707314,238,25,26,76.21951219512195,147,32,6.097560975609756,123,95,14.02439024390244,494,166,69.51219512195121,667,10,67.07317073170732,40,18,54.268292682926834,60,67,-34.146341463414636,307,-6,70.1219512195122,24,-63,-7.926829268292684,-371,-71,-55.48780487804877,-173,156,2.439024390243887,627
rhode island,39,2018,11,44,5,79.8780487804878,239,25,93,42.073170731707314,454,26,76.21951219512195,147,32,6.097560975609756,123,95,14.02439024390244,494,166,69.51219512195121,667,10,67.07317073170732,40,-82,37.80487804878049,-410,67,-34.146341463414636,307,-6,70.1219512195122,24,-63,-7.926829268292684,-371,-71,-55.48780487804877,-173
south carolina,40,2018,18,92,5,4.878048780487805,240,25,11,79.8780487804878,44,93,42.073170731707314,454,26,76.21951219512195,147,32,6.097560975609756,123,95,14.02439024390244,494,166,69.51219512195121,667,7,-75,48,-82,37.80487804878049,-410,67,-34.146341463414636,307,-6,70.1219512195122,24,-63,-7.926829268292684,-371
south dakota,41,2018,3,44,5,4.878048780487805,241,25,18,4.878048780487805,92,11,79.8780487804878,44,93,42.073170731707314,454,26,76.21951219512195,147,32,6.097560975609756,123,95,14.02439024390244,494,-15,0,-48,7,-75,48,-82,37.80487804878049,-410,67,-34.146341463414636,307,-6,70.1219512195122,24
tennessee,42,2018,35,249,5,2.4390243902439024,242,25,3,4.878048780487805,44,18,4.878048780487805,92,11,79.8780487804878,44,93,42.073170731707314,454,26,76.21951219512195,147,32,6.097560975609756,123,32,-2.4390243902439024,205,-15,0,-48,7,-75,48,-82,37.80487804878049,-410,67,-34.146341463414636,307
texas,43,2018,51,279,5,14.634146341463413,243,25,35,2.4390243902439024,249,3,4.878048780487805,44,18,4.878048780487805,92,11,79.8780487804878,44,93,42.073170731707314,454,26,76.21951219512195,147,16,12.19512195121951,30,32,-2.4390243902439024,205,-15,0,-48,7,-75,48,-82,37.80487804878049,-410
utah,44,2018,23,132,5,28.04878048780488,244,25,51,14.634146341463413,279,35,2.4390243902439024,249,3,4.878048780487805,44,18,4.878048780487805,92,11,79.8780487804878,44,93,42.073170731707314,454,-28,13.414634146341466,-147,16,12.19512195121951,30,32,-2.4390243902439024,205,-15,0,-48,7,-75,48
virginia,45,2018,44,232,5,13.414634146341465,245,25,23,28.04878048780488,132,51,14.634146341463413,279,35,2.4390243902439024,249,3,4.878048780487805,44,18,4.878048780487805,92,11,79.8780487804878,44,21,-14.634146341463415,100,-28,13.414634146341466,-147,16,12.19512195121951,30,32,-2.4390243902439024,205,-15,0,-48
vermont,46,2018,18,64,5,73.17073170731707,246,25,44,13.414634146341465,232,23,28.04878048780488,132,51,14.634146341463413,279,35,2.4390243902439024,249,3,4.878048780487805,44,18,4.878048780487805,92,-26,59.75609756097561,-168,21,-14.634146341463415,100,-28,13.414634146341466,-147,16,12.19512195121951,30,32,-2.4390243902439024,205
washington,47,2018,64,311,5,78.04878048780488,247,25,18,73.17073170731707,64,44,13.414634146341465,232,23,28.04878048780488,132,51,14.634146341463413,279,35,2.4390243902439024,249,3,4.878048780487805,44,46,4.878048780487802,247,-26,59.75609756097561,-168,21,-14.634146341463415,100,-28,13.414634146341466,-147,16,12.19512195121951,30
wisconsin,48,2018,74,342,5,29.878048780487802,248,25,64,78.04878048780488,311,18,73.17073170731707,64,44,13.414634146341465,232,23,28.04878048780488,132,51,14.634146341463413,279,35,2.4390243902439024,249,10,-48.170731707317074,31,46,4.878048780487802,247,-26,59.75609756097561,-168,21,-14.634146341463415,100,-28,13.414634146341466,-147
west virginia,49,2018,13,111,5,14.634146341463413,249,25,74,29.878048780487802,342,64,78.04878048780488,311,18,73.17073170731707,64,44,13.414634146341465,232,23,28.04878048780488,132,51,14.634146341463413,279,-61,-15.243902439024389,-231,10,-48.170731707317074,31,46,4.878048780487802,247,-26,59.75609756097561,-168,21,-14.634146341463415,100
wyoming,50,2018,9,47,5,7.926829268292683,250,25,13,14.634146341463413,111,74,29.878048780487802,342,64,78.04878048780488,311,18,73.17073170731707,64,44,13.414634146341465,232,23,28.04878048780488,132,-4,-6.707317073170731,-64,-61,-15.243902439024389,-231,10,-48.170731707317074,31,46,4.878048780487802,247,-26,59.75609756097561,-168
alaska,1,2019,17,80,6,15.24390243902439,251,36,9,7.926829268292683,47,13,14.634146341463413,111,74,29.878048780487802,342,64,78.04878048780488,311,18,73.17073170731707,64,44,13.414634146341465,232,8,7.317073170731708,33,-4,-6.707317073170731,-64,-61,-15.243902439024389,-231,10,-48.170731707317074,31,46,4.878048780487802,247
alabama,2,2019,17,140,6,0,252,36,17,15.24390243902439,80,9,7.926829268292683,47,13,14.634146341463413,111,74,29.878048780487802,342,64,78.04878048780488,311,18,73.17073170731707,64,0,-15.24390243902439,60,8,7.317073170731708,33,-4,-6.707317073170731,-64,-61,-15.243902439024389,-231,10,-48.170731707317074,31
arkansas,3,2019,36,138,6,10.975609756097562,253,36,17,0,140,17,15.24390243902439,80,9,7.926829268292683,47,13,14.634146341463413,111,74,29.878048780487802,342,64,78.04878048780488,311,19,10.975609756097562,-2,0,-15.24390243902439,60,8,7.317073170731708,33,-4,-6.707317073170731,-64,-61,-15.243902439024389,-231
arizona,4,2019,108,325,6,17.682926829268293,254,36,36,10.975609756097562,138,17,0,140,17,15.24390243902439,80,9,7.926829268292683,47,13,14.634146341463413,111,74,29.878048780487802,342,72,6.7073170731707314,187,19,10.975609756097562,-2,0,-15.24390243902439,60,8,7.317073170731708,33,-4,-6.707317073170731,-64
california,5,2019,303,695,6,93.90243902439023,255,36,108,17.682926829268293,325,36,10.975609756097562,138,17,0,140,17,15.24390243902439,80,9,7.926829268292683,47,13,14.634146341463413,111,195,76.21951219512194,370,72,6.7073170731707314,187,19,10.975609756097562,-2,0,-15.24390243902439,60,8,7.317073170731708,33
colorado,6,2019,40,152,6,76.21951219512195,256,36,303,93.90243902439023,695,108,17.682926829268293,325,36,10.975609756097562,138,17,0,140,17,15.24390243902439,80,9,7.926829268292683,47,-263,-17.682926829268283,-543,195,76.21951219512194,370,72,6.7073170731707314,187,19,10.975609756097562,-2,0,-15.24390243902439,60
connecticut,7,2019,92,185,6,79.8780487804878,257,36,40,76.21951219512195,152,303,93.90243902439023,695,108,17.682926829268293,325,36,10.975609756097562,138,17,0,140,17,15.24390243902439,80,52,3.6585365853658516,33,-263,-17.682926829268283,-543,195,76.21951219512194,370,72,6.7073170731707314,187,19,10.975609756097562,-2
delaware,8,2019,9,27,6,59.756097560975604,258,36,92,79.8780487804878,185,40,76.21951219512195,152,303,93.90243902439023,695,108,17.682926829268293,325,36,10.975609756097562,138,17,0,140,-83,-20.121951219512198,-158,52,3.6585365853658516,33,-263,-17.682926829268283,-543,195,76.21951219512194,370,72,6.7073170731707314,187
florida,9,2019,110,354,6,26.82926829268293,259,36,9,59.756097560975604,27,92,79.8780487804878,185,40,76.21951219512195,152,303,93.90243902439023,695,108,17.682926829268293,325,36,10.975609756097562,138,101,-32.92682926829268,327,-83,-20.121951219512198,-158,52,3.6585365853658516,33,-263,-17.682926829268283,-543,195,76.21951219512194,370
georgia,10,2019,59,181,6,3.6585365853658534,260,36,110,26.82926829268293,354,9,59.756097560975604,27,92,79.8780487804878,185,40,76.21951219512195,152,303,93.90243902439023,695,108,17.682926829268293,325,-51,-23.170731707317074,-173,101,-32.92682926829268,327,-83,-20.121951219512198,-158,52,3.6585365853658516,33,-263,-17.682926829268283,-543
hawaii,11,2019,8,30,6,76.21951219512195,261,36,59,3.6585365853658534,181,110,26.82926829268293,354,9,59.756097560975604,27,92,79.8780487804878,185,40,76.21951219512195,152,303,93.90243902439023,695,-51,72.5609756097561,-151,-51,-23.170731707317074,-173,101,-32.92682926829268,327,-83,-20.121951219512198,-158,52,3.6585365853658516,33
iowa,12,2019,19,120,6,42.68292682926829,262,36,8,76.21951219512195,30,59,3.6585365853658534,181,110,26.82926829268293,354,9,59.756097560975604,27,92,79.8780487804878,185,40,76.21951219512195,152,11,-33.53658536585366,90,-51,72.5609756097561,-151,-51,-23.170731707317074,-173,101,-32.92682926829268,327,-83,-20.121951219512198,-158
idaho,13,2019,38,113,6,12.804878048780488,263,36,19,42.68292682926829,120,8,76.21951219512195,30,59,3.6585365853658534,181,110,26.82926829268293,354,9,59.756097560975604,27,92,79.8780487804878,185,19,-29.878048780487802,-7,11,-33.53658536585366,90,-51,72.5609756097561,-151,-51,-23.170731707317074,-173,101,-32.92682926829268,327
illinois,14,2019,75,272,6,73.78048780487805,264,36,38,12.804878048780488,113,19,42.68292682926829,120,8,76.21951219512195,30,59,3.6585365853658534,181,110,26.82926829268293,354,9,59.756097560975604,27,37,60.97560975609756,159,19,-29.878048780487802,-7,11,-33.53658536585366,90,-51,72.5609756097561,-151,-51,-23.170731707317074,-173
indiana,15,2019,38,239,6,26.82926829268293,265,36,75,73.78048780487805,272,38,12.804878048780488,113,19,42.68292682926829,120,8,76.21951219512195,30,59,3.6585365853658534,181,110,26.82926829268293,354,-37,-46.951219512195124,-33,37,60.97560975609756,159,19,-29.878048780487802,-7,11,-33.53658536585366,90,-51,72.5609756097561,-151
kansas,16,2019,22,88,6,15.853658536585366,266,36,38,26.82926829268293,239,75,73.78048780487805,272,38,12.804878048780488,113,19,42.68292682926829,120,8,76.21951219512195,30,59,3.6585365853658534,181,-16,-10.975609756097564,-151,-37,-46.951219512195124,-33,37,60.97560975609756,159,19,-29.878048780487802,-7,11,-33.53658536585366,90
kentucky,17,2019,27,175,6,20.73170731707317,267,36,22,15.853658536585366,88,38,26.82926829268293,239,75,73.78048780487805,272,38,12.804878048780488,113,19,42.68292682926829,120,8,76.21951219512195,30,5,4.878048780487804,87,-16,-10.975609756097564,-151,-37,-46.951219512195124,-33,37,60.97560975609756,159,19,-29.878048780487802,-7
louisiana,18,2019,48,79,6,6.707317073170732,268,36,27,20.73170731707317,175,22,15.853658536585366,88,38,26.82926829268293,239,75,73.78048780487805,272,38,12.804878048780488,113,19,42.68292682926829,120,21,-14.024390243902438,-96,5,4.878048780487804,87,-16,-10.975609756097564,-151,-37,-46.951219512195124,-33,37,60.97560975609756,159
massachusetts,19,2019,78,203,6,81.70731707317073,269,36,48,6.707317073170732,79,27,20.73170731707317,175,22,15.853658536585366,88,38,26.82926829268293,239,75,73.78048780487805,272,38,12.804878048780488,113,30,75,124,21,-14.024390243902438,-96,5,4.878048780487804,87,-16,-10.975609756097564,-151,-37,-46.951219512195124,-33
maryland,20,2019,82,158,6,72.5609756097561,270,36,78,81.70731707317073,203,48,6.707317073170732,79,27,20.73170731707317,175,22,15.853658536585366,88,38,26.82926829268293,239,75,73.78048780487805,272,4,-9.146341463414629,-45,30,75,124,21,-14.024390243902438,-96,5,4.878048780487804,87,-16,-10.975609756097564,-151
maine,21,2019,23,152,6,68.90243902439023,271,36,82,72.5609756097561,158,78,81.70731707317073,203,48,6.707317073170732,79,27,20.73170731707317,175,22,15.853658536585366,88,38,26.82926829268293,239,-59,-3.658536585365866,-6,4,-9.146341463414629,-45,30,75,124,21,-14.024390243902438,-96,5,4.878048780487804,87
michigan,22,2019,70,273,6,40.853658536585364,272,36,23,68.90243902439023,152,82,72.5609756097561,158,78,81.70731707317073,203,48,6.707317073170732,79,27,20.73170731707317,175,22,15.853658536585366,88,47,-28.04878048780487,121,-59,-3.658536585365866,-6,4,-9.146341463414629,-45,30,75,124,21,-14.024390243902438,-96
minnesota,23,2019,46,196,6,70.1219512195122,273,36,70,40.853658536585364,273,23,68.90243902439023,152,82,72.5609756097561,158,78,81.70731707317073,203,48,6.707317073170732,79,27,20.73170731707317,175,-24,29.268292682926834,-77,47,-28.04878048780487,121,-59,-3.658536585365866,-6,4,-9.146341463414629,-45,30,75,124
missouri,24,2019,28,169,6,13.414634146341465,274,36,46,70.1219512195122,196,70,40.853658536585364,273,23,68.90243902439023,152,82,72.5609756097561,158,78,81.70731707317073,203,48,6.707317073170732,79,-18,-56.707317073170735,-27,-24,29.268292682926834,-77,47,-28.04878048780487,121,-59,-3.658536585365866,-6,4,-9.146341463414629,-45
mississippi,25,2019,28,126,6,9.75609756097561,275,36,28,13.414634146341465,169,46,70.1219512195122,196,70,40.853658536585364,273,23,68.90243902439023,152,82,72.5609756097561,158,78,81.70731707317073,203,0,-3.658536585365855,-43,-18,-56.707317073170735,-27,-24,29.268292682926834,-77,47,-28.04878048780487,121,-59,-3.658536585365866,-6
montana,26,2019,11,75,6,25,276,36,28,9.75609756097561,126,28,13.414634146341465,169,46,70.1219512195122,196,70,40.853658536585364,273,23,68.90243902439023,152,82,72.5609756097561,158,-17,15.24390243902439,-51,0,-3.658536585365855,-43,-18,-56.707317073170735,-27,-24,29.268292682926834,-77,47,-28.04878048780487,121
north carolina,27,2019,69,216,6,18.29268292682927,277,36,11,25,75,28,9.75609756097561,126,28,13.414634146341465,169,46,70.1219512195122,196,70,40.853658536585364,273,23,68.90243902439023,152,58,-6.7073170731707314,141,-17,15.24390243902439,-51,0,-3.658536585365855,-43,-18,-56.707317073170735,-27,-24,29.268292682926834,-77
north dakota,28,2019,5,24,6,6.707317073170732,278,36,69,18.29268292682927,216,11,25,75,28,9.75609756097561,126,28,13.414634146341465,169,46,70.1219512195122,196,70,40.853658536585364,273,-64,-11.585365853658537,-192,58,-6.7073170731707314,141,-17,15.24390243902439,-51,0,-3.658536585365855,-43,-18,-56.707317073170735,-27
nebraska,29,2019,25,130,6,6.097560975609756,279,36,5,6.707317073170732,24,69,18.29268292682927,216,11,25,75,28,9.75609756097561,126,28,13.414634146341465,169,46,70.1219512195122,196,20,-0.6097560975609762,106,-64,-11.585365853658537,-192,58,-6.7073170731707314,141,-17,15.24390243902439,-51,0,-3.658536585365855,-43
new hampshire,30,2019,17,44,6,52.4390243902439,280,36,25,6.097560975609756,130,5,6.707317073170732,24,69,18.29268292682927,216,11,25,75,28,9.75609756097561,126,28,13.414634146341465,169,-8,46.34146341463415,-86,20,-0.6097560975609762,106,-64,-11.585365853658537,-192,58,-6.7073170731707314,141,-17,15.24390243902439,-51
new jersey,31,2019,84,225,6,78.65853658536585,281,36,17,52.4390243902439,44,25,6.097560975609756,130,5,6.707317073170732,24,69,18.29268292682927,216,11,25,75,28,9.75609756097561,126,67,26.21951219512195,181,-8,46.34146341463415,-86,20,-0.6097560975609762,106,-64,-11.585365853658537,-192,58,-6.7073170731707314,141
new mexico,32,2019,12,56,6,63.41463414634146,282,36,84,78.65853658536585,225,17,52.4390243902439,44,25,6.097560975609756,130,5,6.707317073170732,24,69,18.29268292682927,216,11,25,75,-72,-15.243902439024389,-169,67,26.21951219512195,181,-8,46.34146341463415,-86,20,-0.6097560975609762,106,-64,-11.585365853658537,-192
nevada,33,2019,28,46,6,79.26829268292683,283,36,12,63.41463414634146,56,84,78.65853658536585,225,17,52.4390243902439,44,25,6.097560975609756,130,5,6.707317073170732,24,69,18.29268292682927,216,16,15.853658536585364,-10,-72,-15.243902439024389,-169,67,26.21951219512195,181,-8,46.34146341463415,-86,20,-0.6097560975609762,106
new york,34,2019,232,494,6,89.02439024390245,284,36,28,79.26829268292683,46,12,63.41463414634146,56,84,78.65853658536585,225,17,52.4390243902439,44,25,6.097560975609756,130,5,6.707317073170732,24,204,9.756097560975618,448,16,15.853658536585364,-10,-72,-15.243902439024389,-169,67,26.21951219512195,181,-8,46.34146341463415,-86
ohio,35,2019,130,485,6,14.02439024390244,285,36,232,89.02439024390245,494,28,79.26829268292683,46,12,63.41463414634146,56,84,78.65853658536585,225,17,52.4390243902439,44,25,6.097560975609756,130,-102,-75,-9,204,9.756097560975618,448,16,15.853658536585364,-10,-72,-15.243902439024389,-169,67,26.21951219512195,181
oklahoma,36,2019,25,108,6,8.536585365853659,286,36,130,14.02439024390244,485,232,89.02439024390245,494,28,79.26829268292683,46,12,63.41463414634146,56,84,78.65853658536585,225,17,52.4390243902439,44,-105,-5.487804878048781,-377,-102,-75,-9,204,9.756097560975618,448,16,15.853658536585364,-10,-72,-15.243902439024389,-169
oregon,37,2019,47,151,6,79.8780487804878,287,36,25,8.536585365853659,108,130,14.02439024390244,485,232,89.02439024390245,494,28,79.26829268292683,46,12,63.41463414634146,56,84,78.65853658536585,225,22,71.34146341463415,43,-105,-5.487804878048781,-377,-102,-75,-9,204,9.756097560975618,448,16,15.853658536585364,-10
pennsylvania,38,2019,121,438,6,45.1219512195122,288,36,47,79.8780487804878,151,25,8.536585365853659,108,130,14.02439024390244,485,232,89.02439024390245,494,28,79.26829268292683,46,12,63.41463414634146,56,74,-34.756097560975604,287,22,71.34146341463415,43,-105,-5.487804878048781,-377,-102,-75,-9,204,9.756097560975618,448
rhode island,39,2019,11,43,6,85.36585365853658,289,36,121,45.1219512195122,438,47,79.8780487804878,151,25,8.536585365853659,108,130,14.02439024390244,485,232,89.02439024390245,494,28,79.26829268292683,46,-110,40.24390243902438,-395,74,-34.756097560975604,287,22,71.34146341463415,43,-105,-5.487804878048781,-377,-102,-75,-9
south carolina,40,2019,16,83,6,8.536585365853659,290,36,11,85.36585365853658,43,121,45.1219512195122,438,47,79.8780487804878,151,25,8.536585365853659,108,130,14.02439024390244,485,232,89.02439024390245,494,5,-76.82926829268293,40,-110,40.24390243902438,-395,74,-34.756097560975604,287,22,71.34146341463415,43,-105,-5.487804878048781,-377
south dakota,41,2019,4,42,6,3.6585365853658534,291,36,16,8.536585365853659,83,11,85.36585365853658,43,121,45.1219512195122,438,47,79.8780487804878,151,25,8.536585365853659,108,130,14.02439024390244,485,-12,-4.878048780487806,-41,5,-76.82926829268293,40,-110,40.24390243902438,-395,74,-34.756097560975604,287,22,71.34146341463415,43
tennessee,42,2019,44,234,6,4.2682926829268295,292,36,4,3.6585365853658534,42,16,8.536585365853659,83,11,85.36585365853658,43,121,45.1219512195122,438,47,79.8780487804878,151,25,8.536585365853659,108,40,0.6097560975609762,192,-12,-4.878048780487806,-41,5,-76.82926829268293,40,-110,40.24390243902438,-395,74,-34.756097560975604,287
texas,43,2019,81,276,6,12.195121951219512,293,36,44,4.2682926829268295,234,4,3.6585365853658534,42,16,8.536585365853659,83,11,85.36585365853658,43,121,45.1219512195122,438,47,79.8780487804878,151,37,7.926829268292683,42,40,0.6097560975609762,192,-12,-4.878048780487806,-41,5,-76.82926829268293,40,-110,40.24390243902438,-395
utah,44,2019,61,177,6,33.53658536585366,294,36,81,12.195121951219512,276,44,4.2682926829268295,234,4,3.6585365853658534,42,16,8.536585365853659,83,11,85.36585365853658,43,121,45.1219512195122,438,-20,21.34146341463415,-99,37,7.926829268292683,42,40,0.6097560975609762,192,-12,-4.878048780487806,-41,5,-76.82926829268293,40
virginia,45,2019,57,258,6,12.804878048780488,295,36,61,33.53658536585366,177,81,12.195121951219512,276,44,4.2682926829268295,234,4,3.6585365853658534,42,16,8.536585365853659,83,11,85.36585365853658,43,-4,-20.731707317073173,81,-20,21.34146341463415,-99,37,7.926829268292683,42,40,0.6097560975609762,192,-12,-4.878048780487806,-41
vermont,46,2019,16,54,6,84.14634146341463,296,36,57,12.804878048780488,258,61,33.53658536585366,177,81,12.195121951219512,276,44,4.2682926829268295,234,4,3.6585365853658534,42,16,8.536585365853659,83,-41,71.34146341463415,-204,-4,-20.731707317073173,81,-20,21.34146341463415,-99,37,7.926829268292683,42,40,0.6097560975609762,192
washington,47,2019,83,305,6,79.8780487804878,297,36,16,84.14634146341463,54,57,12.804878048780488,258,61,33.53658536585366,177,81,12.195121951219512,276,44,4.2682926829268295,234,4,3.6585365853658534,42,67,-4.268292682926827,251,-41,71.34146341463415,-204,-4,-20.731707317073173,81,-20,21.34146341463415,-99,37,7.926829268292683,42
wisconsin,48,2019,94,311,6,36.58536585365854,298,36,83,79.8780487804878,305,16,84.14634146341463,54,57,12.804878048780488,258,61,33.53658536585366,177,81,12.195121951219512,276,44,4.2682926829268295,234,11,-43.292682926829265,6,67,-4.268292682926827,251,-41,71.34146341463415,-204,-4,-20.731707317073173,81,-20,21.34146341463415,-99
west virginia,49,2019,10,104,6,12.195121951219512,299,36,94,36.58536585365854,311,83,79.8780487804878,305,16,84.14634146341463,54,57,12.804878048780488,258,61,33.53658536585366,177,81,12.195121951219512,276,-84,-24.390243902439025,-207,11,-43.292682926829265,6,67,-4.268292682926827,251,-41,71.34146341463415,-204,-4,-20.731707317073173,81
wyoming,50,2019,11,42,6,10.975609756097562,300,36,10,12.195121951219512,104,94,36.58536585365854,311,83,79.8780487804878,305,16,84.14634146341463,54,57,12.804878048780488,258,61,33.53658536585366,177,1,-1.2195121951219505,-62,-84,-24.390243902439025,-207,11,-43.292682926829265,6,67,-4.268292682926827,251,-41,71.34146341463415,-204
