region,case_state,year,lgbtq_total,lgbtq_perc,govt_fund,t,state_policy,temp_id,perc_confirmed,lgbtq_actual
alaska,1,2010,2,2.5974025974026,83.1168831168831,1,14.4578313253012,1,0,0
alabama,2,2010,4,2.89855072463768,63.768115942029,1,7.2289156626506,2,0.0384615384615385,0.153846153846154
arkansas,3,2010,5,8.06451612903226,75.8064516129032,1,14.4578313253012,3,0.0294117647058824,0.147058823529412
arizona,4,2010,8,3.73831775700935,42.9906542056075,1,16.8674698795181,4,0.149606299212598,1.19685039370079
california,5,2010,167,10.2706027060271,60.3936039360394,1,36.144578313253,5,0.151202749140893,25.2508591065292
colorado,6,2010,44,10.0686498855835,50.5720823798627,1,36.144578313253,6,0.158415841584158,6.97029702970297
connecticut,7,2010,4,2.05128205128205,71.2820512820513,1,31.3253012048193,7,0.0677966101694915,0.271186440677966
delaware,8,2010,2,5.40540540540541,67.5675675675676,1,26.5060240963855,8,0.0833333333333333,0.166666666666667
florida,9,2010,39,6.57672849915683,51.7706576728499,1,12.0481927710843,9,0.122065727699531,4.76056338028169
georgia,10,2010,6,2.46913580246914,46.9135802469136,1,12.0481927710843,10,0.101123595505618,0.606741573033708
hawaii,11,2010,3,2.52100840336134,87.3949579831933,1,33.7349397590361,11,0,0
iowa,12,2010,1,0.8,76,1,43.3734939759036,12,0.125,0.125
idaho,13,2010,3,3.2258064516129,67.741935483871,1,4.81927710843374,13,0.08,0.24
illinois,14,2010,40,6.6006600660066,53.960396039604,1,36.144578313253,14,0.113475177304965,4.53900709219858
indiana,15,2010,10,3.66300366300366,63.003663003663,1,14.4578313253012,15,0.0491803278688525,0.491803278688525
kansas,16,2010,11,5.21327014218009,55.9241706161137,1,9.63855421686747,16,0.142857142857143,1.57142857142857
kentucky,17,2010,11,3.7542662116041,51.877133105802,1,14.4578313253012,17,0.0769230769230769,0.846153846153846
louisiana,18,2010,5,3.24675324675325,74.025974025974,1,24.0963855421687,18,0,0
massachusetts,19,2010,17,5.53745928338762,60.9120521172638,1,31.3253012048193,19,0.133333333333333,2.26666666666667
maryland,20,2010,16,4.71976401179941,53.0973451327434,1,28.9156626506024,20,0.109375,1.75
maine,21,2010,7,3.91061452513966,35.7541899441341,1,43.3734939759036,21,0.264705882352941,1.85294117647059
michigan,22,2010,25,5.26315789473684,58.5263157894737,1,7.2289156626506,22,0.168224299065421,4.20560747663551
minnesota,23,2010,22,7.14285714285714,51.9480519480519,1,31.3253012048193,23,0.135802469135802,2.98765432098765
missouri,24,2010,6,2.27272727272727,80.6818181818182,1,12.0481927710843,24,0.0571428571428571,0.342857142857143
mississippi,25,2010,16.9615457678092,9.74098446672273,75.4901960784314,1,0,25,0.136363636363636,3.90477778245378
montana,26,2010,2,3.77358490566038,83.0188679245283,1,4.81927710843374,26,0.0454545454545455,0.0909090909090909
north carolina,27,2010,22,5.5,48.25,1,16.8674698795181,27,0.0648648648648649,1.42702702702703
north dakota,28,2010,2,3.50877192982456,40.3508771929825,1,2.40963855421687,28,0.25,0.5
nebraska,29,2010,3,2.60869565217391,81.7391304347826,1,14.4578313253012,29,0.368421052631579,1.10526315789474
new hampshire,30,2010,2,3.84615384615385,63.4615384615385,1,38.5542168674699,30,0,0
new jersey,31,2010,25,7.46268656716418,60.2985074626866,1,36.144578313253,31,0.099236641221374,2.48091603053435
new mexico,32,2010,14,9.9290780141844,78.0141843971631,1,33.7349397590361,32,0.137931034482759,1.93103448275862
nevada,33,2010,5,5.95238095238095,60.7142857142857,1,33.7349397590361,33,0.159090909090909,0.795454545454545
new york,34,2010,77,7.7,58.2,1,26.5060240963855,34,0.139130434782609,10.7130434782609
ohio,35,2010,4,1.07238605898123,71.8498659517426,1,2.40963855421687,35,0.12280701754386,0.491228070175439
oklahoma,36,2010,7,3.66492146596859,62.303664921466,1,7.2289156626506,36,0.127272727272727,0.890909090909091
oregon,37,2010,20,8.92857142857143,62.0535714285714,1,36.144578313253,37,0.0784313725490196,1.56862745098039
pennsylvania,38,2010,35,6.56660412757974,60.4127579737336,1,19.2771084337349,38,0.225563909774436,7.89473684210526
rhode island,39,2010,4,7.54716981132075,67.9245283018868,1,33.7349397590361,39,0.142857142857143,0.571428571428571
south carolina,40,2010,4,3.88349514563107,56.3106796116505,1,2.40963855421687,40,0.0714285714285714,0.285714285714286
south dakota,41,2010,1,1.81818181818182,78.1818181818182,1,4.81927710843374,41,0.111111111111111,0.111111111111111
tennessee,42,2010,5,2.47524752475248,69.3069306930693,1,14.4578313253012,42,0.05,0.25
texas,43,2010,20,4.40528634361234,55.726872246696,1,24.0963855421687,43,0.096,1.92
utah,44,2010,14,9.58904109589041,44.5205479452055,1,4.81927710843374,44,0.128205128205128,1.79487179487179
virginia,45,2010,7,3.36538461538462,62.9807692307692,1,14.4578313253012,45,0.0816326530612245,0.571428571428571
vermont,46,2010,4,9.52380952380952,69.0476190476191,1,38.5542168674699,46,0.333333333333333,1.33333333333333
washington,47,2010,17,3.73626373626374,54.2857142857143,1,33.7349397590361,47,0.115942028985507,1.97101449275362
wisconsin,48,2010,18,7.2,55.2,1,24.0963855421687,48,0.0476190476190476,0.857142857142857
west virginia,49,2010,4,4.8780487804878,71.9512195121951,1,19.2771084337349,49,0,0
wyoming,50,2010,3,5,86.6666666666667,1,4.81927710843374,50,0.0588235294117647,0.176470588235294
alaska,1,2011,4,5.26315789473684,80.2631578947368,2,12.0481927710843,51,0,0
alabama,2,2011,5,3.40136054421769,65.3061224489796,2,9.63855421686747,52,0.0384615384615385,0.192307692307692
arkansas,3,2011,0,0,68.8524590163934,2,19.2771084337349,53,0.0294117647058824,0
arizona,4,2011,11,5.02283105022831,47.0319634703196,2,14.4578313253012,54,0.149606299212598,1.64566929133858
california,5,2011,162,9.88407565588774,59.3654667480171,2,60.2409638554217,55,0.151202749140893,24.4948453608247
colorado,6,2011,42,9.375,53.5714285714286,2,50.6024096385542,56,0.158415841584158,6.65346534653465
connecticut,7,2011,12,6.38297872340426,68.0851063829787,2,62.6506024096386,57,0.0677966101694915,0.813559322033898
delaware,8,2011,2,5.40540540540541,67.5675675675676,2,45.7831325301205,58,0.0833333333333333,0.166666666666667
florida,9,2011,37,5.9967585089141,52.0259319286872,2,16.8674698795181,59,0.122065727699531,4.51643192488263
georgia,10,2011,6,2.40963855421687,47.7911646586345,2,12.0481927710843,60,0.101123595505618,0.606741573033708
hawaii,11,2011,7,5.88235294117647,89.0756302521009,2,53.0120481927711,61,0,0
iowa,12,2011,1,0.793650793650794,78.5714285714286,2,60.2409638554217,62,0.125,0.125
idaho,13,2011,4,3.88349514563107,64.0776699029126,2,2.40963855421687,63,0.08,0.32
illinois,14,2011,41,6.42633228840125,52.5078369905956,2,57.8313253012048,64,0.113475177304965,4.65248226950355
indiana,15,2011,6,2.18978102189781,60.2189781021898,2,21.6867469879518,65,0.0491803278688525,0.295081967213115
kansas,16,2011,4,1.81818181818182,56.3636363636364,2,16.8674698795181,66,0.142857142857143,0.571428571428571
kentucky,17,2011,12,3.77358490566038,49.3710691823899,2,14.4578313253012,67,0.0769230769230769,0.923076923076923
louisiana,18,2011,4,2.7972027972028,67.8321678321678,2,14.4578313253012,68,0,0
massachusetts,19,2011,18,5.59006211180124,63.0434782608696,2,53.0120481927711,69,0.133333333333333,2.4
maryland,20,2011,22,6.30372492836676,51.2893982808023,2,40.9638554216867,70,0.109375,2.40625
maine,21,2011,10,4.69483568075117,36.6197183098592,2,53.0120481927711,71,0.264705882352941,2.64705882352941
michigan,22,2011,34,6.88259109311741,57.8947368421053,2,9.63855421686747,72,0.168224299065421,5.7196261682243
minnesota,23,2011,12,3.80952380952381,53.015873015873,2,40.9638554216867,73,0.135802469135802,1.62962962962963
missouri,24,2011,6,2.07612456747405,77.5086505190311,2,19.2771084337349,74,0.0571428571428571,0.342857142857143
mississippi,25,2011,0,0,68.3673469387755,2,7.2289156626506,75,0.136363636363636,0
montana,26,2011,1,1.75438596491228,85.9649122807018,2,12.0481927710843,76,0.0454545454545455,0.0454545454545455
north carolina,27,2011,19,4.35779816513761,44.0366972477064,2,14.4578313253012,77,0.0648648648648649,1.23243243243243
north dakota,28,2011,2,3.44827586206897,43.1034482758621,2,12.0481927710843,78,0.25,0.5
nebraska,29,2011,4,3.2520325203252,81.3008130081301,2,14.4578313253012,79,0.368421052631579,1.47368421052632
new hampshire,30,2011,1,1.85185185185185,62.962962962963,2,55.421686746988,80,0,0
new jersey,31,2011,23,6.37119113573407,59.2797783933518,2,62.6506024096386,81,0.099236641221374,2.2824427480916
new mexico,32,2011,11,7.58620689655172,77.2413793103448,2,40.9638554216867,82,0.137931034482759,1.51724137931034
nevada,33,2011,2,2.4390243902439,65.8536585365854,2,50.6024096385542,83,0.159090909090909,0.318181818181818
new york,34,2011,50,5.30785562632696,58.3864118895966,2,55.421686746988,84,0.139130434782609,6.95652173913043
ohio,35,2011,6,1.60857908847185,73.4584450402145,2,0,85,0.12280701754386,0.736842105263158
oklahoma,36,2011,11,5.58375634517767,55.8375634517767,2,9.63855421686747,86,0.127272727272727,1.4
oregon,37,2011,14,5.95744680851064,62.9787234042553,2,60.2409638554217,87,0.0784313725490196,1.09803921568627
pennsylvania,38,2011,38,6.57439446366782,56.9204152249135,2,16.8674698795181,88,0.225563909774436,8.57142857142857
rhode island,39,2011,3,5.08474576271187,67.7966101694915,2,53.0120481927711,89,0.142857142857143,0.428571428571429
south carolina,40,2011,2,1.9047619047619,60,2,9.63855421686747,90,0.0714285714285714,0.142857142857143
south dakota,41,2011,1,1.72413793103448,75.8620689655172,2,12.0481927710843,91,0.111111111111111,0.111111111111111
tennessee,42,2011,5,2.40384615384615,70.1923076923077,2,7.2289156626506,92,0.05,0.25
texas,43,2011,18,3.78947368421053,55.7894736842105,2,14.4578313253012,93,0.096,1.728
utah,44,2011,10,6.89655172413793,48.9655172413793,2,4.81927710843374,94,0.128205128205128,1.28205128205128
virginia,45,2011,17,7.981220657277,62.9107981220657,2,12.0481927710843,95,0.0816326530612245,1.38775510204082
vermont,46,2011,3,7.14285714285714,73.8095238095238,2,62.6506024096386,96,0.333333333333333,1
washington,47,2011,17,3.75275938189845,55.1876379690949,2,60.2409638554217,97,0.115942028985507,1.97101449275362
wisconsin,48,2011,4,1.50943396226415,53.2075471698113,2,33.7349397590361,98,0.0476190476190476,0.19047619047619
west virginia,49,2011,1,1.04166666666667,71.875,2,12.0481927710843,99,0,0
wyoming,50,2011,1,1.66666666666667,85,2,12.0481927710843,100,0.0588235294117647,0.0588235294117647
alaska,1,2012,3,3.15789473684211,76.8421052631579,3,6.89655172413793,101,0,0
alabama,2,2012,5,3.37837837837838,61.4864864864865,3,4.59770114942529,102,0.0384615384615385,0.192307692307692
arkansas,3,2012,8,8.42105263157895,71.5789473684211,3,20.6896551724138,103,0.0294117647058824,0.235294117647059
arizona,4,2012,28,8.51063829787234,48.0243161094225,3,22.9885057471264,104,0.149606299212598,4.18897637795276
california,5,2012,142,8.81440099317194,59.7765363128492,3,80.4597701149425,105,0.151202749140893,21.4707903780069
colorado,6,2012,36,8.12641083521445,49.6613995485327,3,62.0689655172414,106,0.158415841584158,5.7029702970297
connecticut,7,2012,17,7.62331838565022,70.4035874439462,3,80.4597701149425,107,0.0677966101694915,1.15254237288136
delaware,8,2012,5,12.5,67.5,3,62.0689655172414,108,0.0833333333333333,0.416666666666667
florida,9,2012,51,7.87037037037037,49.0740740740741,3,13.7931034482759,109,0.122065727699531,6.22535211267606
georgia,10,2012,13,4.67625899280576,41.726618705036,3,13.7931034482759,110,0.101123595505618,1.31460674157303
hawaii,11,2012,9,7.37704918032787,86.8852459016393,3,68.9655172413793,111,0,0
iowa,12,2012,13,8.96551724137931,64.1379310344827,3,71.264367816092,112,0.125,1.625
idaho,13,2012,4,3.73831775700935,62.6168224299065,3,6.89655172413793,113,0.08,0.32
illinois,14,2012,30,4.77707006369427,50.9554140127389,3,68.9655172413793,114,0.113475177304965,3.40425531914894
indiana,15,2012,5,1.80505415162455,61.3718411552347,3,27.5862068965517,115,0.0491803278688525,0.245901639344262
kansas,16,2012,4,1.76211453744493,55.9471365638767,3,11.4942528735632,116,0.142857142857143,0.571428571428571
kentucky,17,2012,14,4.32098765432099,48.4567901234568,3,22.9885057471264,117,0.0769230769230769,1.07692307692308
louisiana,18,2012,8,5.33333333333333,60,3,16.0919540229885,118,0,0
massachusetts,19,2012,23,7.01219512195122,68.5975609756098,3,73.5632183908046,119,0.133333333333333,3.06666666666667
maryland,20,2012,21,5.80110497237569,49.4475138121547,3,48.2758620689655,120,0.109375,2.296875
maine,21,2012,13,5.82959641255605,33.6322869955157,3,62.0689655172414,121,0.264705882352941,3.44117647058824
michigan,22,2012,35,7.15746421267894,57.0552147239264,3,11.4942528735632,122,0.168224299065421,5.88785046728972
minnesota,23,2012,16,4.61095100864553,53.314121037464,3,39.0804597701149,123,0.135802469135802,2.17283950617284
missouri,24,2012,8,2.82685512367491,77.7385159010601,3,13.7931034482759,124,0.0571428571428571,0.457142857142857
mississippi,25,2012,3,2.65486725663717,68.141592920354,3,4.59770114942529,125,0.136363636363636,0.409090909090909
montana,26,2012,3,4.34782608695652,78.2608695652174,3,11.4942528735632,126,0.0454545454545455,0.136363636363636
north carolina,27,2012,22,4.74137931034483,41.8103448275862,3,16.0919540229885,127,0.0648648648648649,1.42702702702703
north dakota,28,2012,2,3.125,37.5,3,9.19540229885057,128,0.25,0.5
nebraska,29,2012,5,4.0650406504065,78.0487804878049,3,13.7931034482759,129,0.368421052631579,1.84210526315789
new hampshire,30,2012,32.883830405962,7.54702825904539,59.3220338983051,3,71.264367816092,130,0,1.62870049351888
new jersey,31,2012,19,5.06666666666667,56.5333333333333,3,82.7586206896552,131,0.099236641221374,1.88549618320611
new mexico,32,2012,10,6.45161290322581,78.0645161290323,3,52.8735632183908,132,0.137931034482759,1.37931034482759
nevada,33,2012,6,6.89655172413793,58.6206896551724,3,66.6666666666667,133,0.159090909090909,0.954545454545455
new york,34,2012,67,7.18113612004287,57.8778135048232,3,71.264367816092,134,0.139130434782609,9.32173913043478
ohio,35,2012,13,3.38541666666667,71.875,3,2.29885057471264,135,0.12280701754386,1.59649122807018
oklahoma,36,2012,17,7.79816513761468,56.8807339449541,3,4.59770114942529,136,0.127272727272727,2.16363636363636
oregon,37,2012,17,7.20338983050847,63.5593220338983,3,78.1609195402299,137,0.0784313725490196,1.33333333333333
pennsylvania,38,2012,39,7.00179533213645,56.1938958707361,3,20.6896551724138,138,0.225563909774436,8.79699248120301
rhode island,39,2012,3,4.76190476190476,65.0793650793651,3,66.6666666666667,139,0.142857142857143,0.428571428571429
south carolina,40,2012,3,2.94117647058824,53.921568627451,3,9.19540229885057,140,0.0714285714285714,0.214285714285714
south dakota,41,2012,2,2.98507462686567,76.1194029850746,3,9.19540229885057,141,0.111111111111111,0.222222222222222
tennessee,42,2012,8,3.34728033472803,65.6903765690377,3,11.4942528735632,142,0.05,0.4
texas,43,2012,19,3.97489539748954,53.9748953974895,3,20.6896551724138,143,0.096,1.824
utah,44,2012,10,5.95238095238095,50.5952380952381,3,0,144,0.128205128205128,1.28205128205128
virginia,45,2012,3,1.29310344827586,61.6379310344828,3,13.7931034482759,145,0.0816326530612245,0.244897959183673
vermont,46,2012,3,6.97674418604651,76.7441860465116,3,71.264367816092,146,0.333333333333333,1
washington,47,2012,14,2.98507462686567,54.7974413646055,3,80.4597701149425,147,0.115942028985507,1.6231884057971
wisconsin,48,2012,13,3.85756676557863,52.5222551928783,3,45.9770114942529,148,0.0476190476190476,0.619047619047619
west virginia,49,2012,3,3.2258064516129,73.1182795698925,3,9.19540229885057,149,0,0
wyoming,50,2012,3,5.55555555555556,87.037037037037,3,9.19540229885057,150,0.0588235294117647,0.176470588235294
alaska,1,2013,8,8.60215053763441,70.9677419354839,4,8.60215053763441,151,0,0
alabama,2,2013,14,9.09090909090909,56.4935064935065,4,6.45161290322581,152,0.0384615384615385,0.538461538461539
arkansas,3,2013,9,10.1123595505618,70.7865168539326,4,25.8064516129032,153,0.0294117647058824,0.264705882352941
arizona,4,2013,43,13.7380191693291,48.2428115015974,4,25.8064516129032,154,0.149606299212598,6.43307086614173
california,5,2013,333,21.4700193423598,57.9626047711154,4,98.9247311827957,155,0.151202749140893,50.3505154639175
colorado,6,2013,83,17.0081967213115,46.9262295081967,4,88.1720430107527,156,0.158415841584158,13.1485148514851
connecticut,7,2013,34,16.0377358490566,72.6415094339623,4,90.3225806451613,157,0.0677966101694915,2.30508474576271
delaware,8,2013,7,16.6666666666667,64.2857142857143,4,86.0215053763441,158,0.0833333333333333,0.583333333333333
florida,9,2013,84,13.5048231511254,48.0707395498392,4,15.0537634408602,159,0.122065727699531,10.2535211267606
georgia,10,2013,49,13.6111111111111,34.7222222222222,4,15.0537634408602,160,0.101123595505618,4.95505617977528
hawaii,11,2013,5,4.0650406504065,86.1788617886179,4,75.2688172043011,161,0,0
iowa,12,2013,9,6.25,63.1944444444444,4,75.2688172043011,162,0.125,1.125
idaho,13,2013,10,8.54700854700855,59.8290598290598,4,17.2043010752688,163,0.08,0.8
illinois,14,2013,59,9.07692307692308,51.0769230769231,4,79.5698924731183,164,0.113475177304965,6.69503546099291
indiana,15,2013,20,7.27272727272727,61.0909090909091,4,27.9569892473118,165,0.0491803278688525,0.983606557377049
kansas,16,2013,16,7.61904761904762,57.1428571428571,4,15.0537634408602,166,0.142857142857143,2.28571428571429
kentucky,17,2013,26,7.92682926829268,47.8658536585366,4,23.6559139784946,167,0.0769230769230769,2
louisiana,18,2013,19,11.4457831325301,62.0481927710843,4,15.0537634408602,168,0,0
massachusetts,19,2013,62,19.620253164557,68.9873417721519,4,83.8709677419355,169,0.133333333333333,8.26666666666667
maryland,20,2013,46,12.7777777777778,46.3888888888889,4,68.8172043010753,170,0.109375,5.03125
maine,21,2013,20,9.00900900900901,32.4324324324324,4,88.1720430107527,171,0.264705882352941,5.29411764705882
michigan,22,2013,47,9.61145194274029,56.6462167689162,4,10.752688172043,172,0.168224299065421,7.90654205607477
minnesota,23,2013,35,9.88700564971751,50.2824858757062,4,73.1182795698925,173,0.135802469135802,4.75308641975309
missouri,24,2013,13,5.03875968992248,77.9069767441861,4,15.0537634408602,174,0.0571428571428571,0.742857142857143
mississippi,25,2013,15,14.8514851485149,70.2970297029703,4,10.752688172043,175,0.136363636363636,2.04545454545455
montana,26,2013,3,4.16666666666667,77.7777777777778,4,17.2043010752688,176,0.0454545454545455,0.136363636363636
north carolina,27,2013,48,11.0854503464203,41.3394919168591,4,21.505376344086,177,0.0648648648648649,3.11351351351351
north dakota,28,2013,7,10.7692307692308,33.8461538461538,4,10.752688172043,178,0.25,1.75
nebraska,29,2013,6,5.26315789473684,78.9473684210526,4,19.3548387096774,179,0.368421052631579,2.21052631578947
new hampshire,30,2013,2,3.63636363636364,65.4545454545455,4,70.9677419354839,180,0,0
new jersey,31,2013,56,15.0537634408602,57.5268817204301,4,92.4731182795699,181,0.099236641221374,5.55725190839695
new mexico,32,2013,24,17.2661870503597,78.4172661870504,4,75.2688172043011,182,0.137931034482759,3.31034482758621
nevada,33,2013,11,13.5802469135802,59.2592592592593,4,70.9677419354839,183,0.159090909090909,1.75
new york,34,2013,106,11.7127071823204,56.6850828729282,4,68.8172043010753,184,0.139130434782609,14.7478260869565
ohio,35,2013,24,6.34920634920635,72.4867724867725,4,8.60215053763441,185,0.12280701754386,2.94736842105263
oklahoma,36,2013,28,12.5560538116592,56.9506726457399,4,6.45161290322581,186,0.127272727272727,3.56363636363636
oregon,37,2013,33,13.4146341463415,61.3821138211382,4,96.7741935483871,187,0.0784313725490196,2.58823529411765
pennsylvania,38,2013,62,11.5027829313544,51.2059369202226,4,25.8064516129032,188,0.225563909774436,13.984962406015
rhode island,39,2013,9,14.5161290322581,69.3548387096774,4,81.7204301075269,189,0.142857142857143,1.28571428571429
south carolina,40,2013,8,7.20720720720721,54.0540540540541,4,10.752688172043,190,0.0714285714285714,0.571428571428571
south dakota,41,2013,3,4.76190476190476,74.6031746031746,4,10.752688172043,191,0.111111111111111,0.333333333333333
tennessee,42,2013,14,6.33484162895928,70.1357466063348,4,10.752688172043,192,0.05,0.7
texas,43,2013,49,10.6290672451193,54.880694143167,4,21.505376344086,193,0.096,4.704
utah,44,2013,33,19.2982456140351,49.1228070175439,4,0,194,0.128205128205128,4.23076923076923
virginia,45,2013,19,8.4070796460177,60.6194690265487,4,15.0537634408602,195,0.0816326530612245,1.55102040816327
vermont,46,2013,1,2.27272727272727,79.5454545454545,4,83.8709677419355,196,0.333333333333333,0.333333333333333
washington,47,2013,36,7.98226164079823,55.8758314855876,4,90.3225806451613,197,0.115942028985507,4.17391304347826
wisconsin,48,2013,31,9.74842767295597,52.2012578616352,4,53.763440860215,198,0.0476190476190476,1.47619047619048
west virginia,49,2013,11,10.8910891089109,72.2772277227723,4,15.0537634408602,199,0,0
wyoming,50,2013,3,5.66037735849057,84.9056603773585,4,12.9032258064516,200,0.0588235294117647,0.176470588235294
alaska,1,2014,10,10.989010989011,64.1469419066016,5,2.29885057471264,201,0,0
alabama,2,2014,18,12.5,64.3469470070324,5,0,202,0.0384615384615385,0.692307692307692
arkansas,3,2014,12,14.8148148148148,72.5155823780314,5,20.6896551724138,203,0.0294117647058824,0.352941176470588
arizona,4,2014,68,21.4511041009464,47.9444413926715,5,20.6896551724138,204,0.149606299212598,10.1732283464567
california,5,2014,318,21.8707015130674,23.1980149403323,5,98.8505747126437,205,0.151202749140893,48.0824742268041
colorado,6,2014,89,19.6902654867257,48.7703430875792,5,89.6551724137931,206,0.158415841584158,14.0990099009901
connecticut,7,2014,43,21.078431372549,56.8360434331579,5,89.6551724137931,207,0.0677966101694915,2.91525423728814
delaware,8,2014,12,30.7692307692308,52.5478789081841,5,85.0574712643678,208,0.0833333333333333,1
florida,9,2014,143,21.765601217656,46.294577995471,5,9.19540229885057,209,0.122065727699531,17.4553990610329
georgia,10,2014,69,19.5467422096317,49.9517019611877,5,9.19540229885057,210,0.101123595505618,6.97752808988764
hawaii,11,2014,13,7.34463276836158,59.0030674980248,5,73.5632183908046,211,0,0
iowa,12,2014,9,5.92105263157895,56.6021592078125,5,73.5632183908046,212,0.125,1.125
idaho,13,2014,18,14.4,44.3340162264091,5,11.4942528735632,213,0.08,1.44
illinois,14,2014,88,12.9032258064516,56.7899214100537,5,80.4597701149425,214,0.113475177304965,9.98581560283688
indiana,15,2014,17,6.31970260223048,46.4512837375254,5,48.2758620689655,215,0.0491803278688525,0.836065573770492
kansas,16,2014,29,14.2156862745098,65.6473496493162,5,9.19540229885057,216,0.142857142857143,4.14285714285714
kentucky,17,2014,56,16.1383285302594,54.1181777014842,5,18.3908045977011,217,0.0769230769230769,4.30769230769231
louisiana,18,2014,24,15.0943396226415,65.7283141128074,5,9.19540229885057,218,0,0
massachusetts,19,2014,78,23.0088495575221,50.9256900985804,5,82.7586206896552,219,0.133333333333333,10.4
maryland,20,2014,60,16,44.3830444656546,5,73.5632183908046,220,0.109375,6.5625
maine,21,2014,31,13.7777777777778,46.7680004257771,5,94.2528735632184,221,0.264705882352941,8.20588235294118
michigan,22,2014,72,15.0627615062762,52.9139346239297,5,4.59770114942529,222,0.168224299065421,12.1121495327103
minnesota,23,2014,56,15.1761517615176,61.7070366392944,5,71.264367816092,223,0.135802469135802,7.60493827160494
missouri,24,2014,22,8.23970037453183,53.4079852693041,5,13.7931034482759,224,0.0571428571428571,1.25714285714286
mississippi,25,2014,10,10.4166666666667,47.7536682169333,5,4.59770114942529,225,0.136363636363636,1.36363636363636
montana,26,2014,5,7.2463768115942,69.2855729746381,5,11.4942528735632,226,0.0454545454545455,0.227272727272727
north carolina,27,2014,75,17.2018348623853,28.7727203599647,5,16.0919540229885,227,0.0648648648648649,4.86486486486486
north dakota,28,2014,11,16.4179104477612,33.1535747675918,5,4.59770114942529,228,0.25,2.75
nebraska,29,2014,14,12.3893805309735,57.0382686527901,5,13.7931034482759,229,0.368421052631579,5.15789473684211
new hampshire,30,2014,4,8.33333333333333,85.1212513989329,5,68.9655172413793,230,0,0
new jersey,31,2014,70,19.3370165745856,35.1777908882582,5,91.9540229885057,231,0.099236641221374,6.94656488549618
new mexico,32,2014,35,28.2258064516129,34.9178644366615,5,73.5632183908046,232,0.137931034482759,4.82758620689655
nevada,33,2014,12,15.5844155844156,68.719188030829,5,71.264367816092,233,0.159090909090909,1.90909090909091
new york,34,2014,142,15.1871657754011,71.5859716319218,5,66.6666666666667,234,0.139130434782609,19.7565217391304
ohio,35,2014,46,12.1693121693122,40.3959232281628,5,2.29885057471264,235,0.12280701754386,5.64912280701754
oklahoma,36,2014,33,15.4205607476636,49.6603166909352,5,29.8850574712644,236,0.127272727272727,4.2
oregon,37,2014,39,16.3179916317992,51.9772039849176,5,98.8505747126437,237,0.0784313725490196,3.05882352941176
pennsylvania,38,2014,93,17.0955882352941,57.4456769334201,5,48.2758620689655,238,0.225563909774436,20.9774436090226
rhode island,39,2014,8,13.1147540983607,49.9082775857466,5,80.4597701149425,239,0.142857142857143,1.14285714285714
south carolina,40,2014,12,10.9090909090909,57.9476410713727,5,4.59770114942529,240,0.0714285714285714,0.857142857142857
south dakota,41,2014,9,12.8571428571429,39.4048381744808,5,4.59770114942529,241,0.111111111111111,1
tennessee,42,2014,21,9.85915492957746,72.8908145957504,5,4.59770114942529,242,0.05,1.05
texas,43,2014,76,15.8333333333333,46.6746038312018,5,16.0919540229885,243,0.096,7.296
utah,44,2014,45,25.2808988764045,51.0419084162844,5,16.0919540229885,244,0.128205128205128,5.76923076923077
virginia,45,2014,19,8.52017937219731,48.8954118898056,5,39.0804597701149,245,0.0816326530612245,1.55102040816327
vermont,46,2014,5,10.6382978723404,69.4936447973982,5,89.6551724137931,246,0.333333333333333,1.66666666666667
washington,47,2014,55,12.4434389140271,44.6102244715664,5,89.6551724137931,247,0.115942028985507,6.3768115942029
wisconsin,48,2014,45,14.6579804560261,50.6678494765474,5,73.5632183908046,248,0.0476190476190476,2.14285714285714
west virginia,49,2014,17,16.1904761904762,76.5490180583555,5,9.19540229885057,249,0,0
wyoming,50,2014,9,15,58.0329023777844,5,6.89655172413793,250,0.0588235294117647,0.529411764705882
alaska,1,2015,14,15.9090909090909,70.4545454545455,6,11.3924050632911,251,0,0
alabama,2,2015,19,13.6690647482014,58.273381294964,6,0,252,0.0384615384615385,0.730769230769231
arkansas,3,2015,8,10.5263157894737,63.1578947368421,6,8.86075949367089,253,0.0294117647058824,0.235294117647059
arizona,4,2015,58,17.0087976539589,45.1612903225806,6,12.0253164556962,254,0.149606299212598,8.67716535433071
california,5,2015,336,24.0171551107934,56.1829878484632,6,76.5822784810127,255,0.151202749140893,50.8041237113402
colorado,6,2015,90,22.3325062034739,42.6799007444169,6,60.126582278481,256,0.158415841584158,14.2574257425743
connecticut,7,2015,49,22.7906976744186,73.0232558139535,6,62.0253164556962,257,0.0677966101694915,3.32203389830508
delaware,8,2015,9,23.6842105263158,60.5263157894737,6,40.5063291139241,258,0.0833333333333333,0.75
florida,9,2015,151,22.5710014947683,43.1988041853513,6,17.0886075949367,259,0.122065727699531,18.4319248826291
georgia,10,2015,54,16.7701863354037,36.6459627329193,6,3.79746835443038,260,0.101123595505618,5.46067415730337
hawaii,11,2015,15,8.87573964497041,88.7573964497041,6,41.7721518987342,261,0,0
iowa,12,2015,11,7.28476821192053,64.9006622516556,6,35.4430379746835,262,0.125,1.375
idaho,13,2015,25,18.9393939393939,52.2727272727273,6,12.0253164556962,263,0.08,2
illinois,14,2015,93,14.2201834862385,49.8470948012232,6,56.3291139240506,264,0.113475177304965,10.5531914893617
indiana,15,2015,28,10.6463878326996,60.0760456273764,6,15.1898734177215,265,0.0491803278688525,1.37704918032787
kansas,16,2015,35,16.8269230769231,54.3269230769231,6,13.9240506329114,266,0.142857142857143,5
kentucky,17,2015,52,15.5688622754491,47.9041916167665,6,11.3924050632911,267,0.0769230769230769,4
louisiana,18,2015,22,13.8364779874214,56.6037735849057,6,2.53164556962025,268,0,0
massachusetts,19,2015,85,26.4797507788162,66.3551401869159,6,61.3924050632911,269,0.133333333333333,11.3333333333333
maryland,20,2015,69,18.0628272251309,44.5026178010471,6,48.1012658227848,270,0.109375,7.546875
maine,21,2015,26,12.5,31.25,6,55.6962025316456,271,0.264705882352941,6.88235294117647
michigan,22,2015,74,15.9827213822894,57.451403887689,6,3.79746835443038,272,0.168224299065421,12.4485981308411
minnesota,23,2015,46,13.0681818181818,45.4545454545455,6,48.1012658227848,273,0.135802469135802,6.24691358024691
missouri,24,2015,21,7.92452830188679,76.9811320754717,6,6.32911392405063,274,0.0571428571428571,1.2
mississippi,25,2015,17,17.1717171717172,65.6565656565657,6,2.53164556962025,275,0.136363636363636,2.31818181818182
montana,26,2015,11,16.6666666666667,83.3333333333333,6,7.59493670886076,276,0.0454545454545455,0.5
north carolina,27,2015,73,16.5909090909091,42.7272727272727,6,10.126582278481,277,0.0648648648648649,4.73513513513514
north dakota,28,2015,9,14.0625,35.9375,6,6.32911392405063,278,0.25,2.25
nebraska,29,2015,14,10.6060606060606,69.6969696969697,6,8.22784810126582,279,0.368421052631579,5.15789473684211
new hampshire,30,2015,3,5.17241379310345,51.7241379310345,6,27.8481012658228,280,0,0
new jersey,31,2015,88,23.342175066313,54.9071618037135,6,64.5569620253165,281,0.099236641221374,8.73282442748092
new mexico,32,2015,42,26.4150943396226,61.6352201257862,6,41.7721518987342,282,0.137931034482759,5.79310344827586
nevada,33,2015,17,21.5189873417722,55.6962025316456,6,47.4683544303797,283,0.159090909090909,2.70454545454545
new york,34,2015,149,16.5371809100999,53.163152053274104,6,51.2658227848101,284,0.139130434782609,20.7304347826087
ohio,35,2015,40,10.8108108108108,67.5675675675676,6,13.2911392405063,285,0.12280701754386,4.91228070175439
oklahoma,36,2015,36,17.3076923076923,55.7692307692308,6,6.32911392405063,286,0.127272727272727,4.58181818181818
oregon,37,2015,38,16.0337552742616,60.337552742616,6,74.6835443037975,287,0.0784313725490196,2.98039215686275
pennsylvania,38,2015,101,19.3116634799235,49.5219885277247,6,17.7215189873418,288,0.225563909774436,22.781954887218
rhode island,39,2015,9,19.1489361702128,53.1914893617021,6,58.2278481012658,289,0.142857142857143,1.28571428571429
south carolina,40,2015,11,10.0917431192661,53.2110091743119,6,3.79746835443038,290,0.0714285714285714,0.785714285714286
south dakota,41,2015,14,20,78.5714285714286,6,8.86075949367089,291,0.111111111111111,1.55555555555556
tennessee,42,2015,21,9.2511013215859,63.4361233480176,6,1.26582278481013,292,0.05,1.05
texas,43,2015,78,17.6470588235294,51.5837104072398,6,10.126582278481,293,0.096,7.488
utah,44,2015,41,22.2826086956522,44.0217391304348,6,22.7848101265823,294,0.128205128205128,5.25641025641026
virginia,45,2015,21,9.1304347826087,61.7391304347826,6,6.32911392405063,295,0.0816326530612245,1.71428571428571
vermont,46,2015,3,6.81818181818182,84.0909090909091,6,66.4556962025316,296,0.333333333333333,1
washington,47,2015,55,13.1578947368421,51.6746411483254,6,64.5569620253165,297,0.115942028985507,6.3768115942029
wisconsin,48,2015,38,13.1944444444444,53.8194444444444,6,29.746835443038,298,0.0476190476190476,1.80952380952381
west virginia,49,2015,18,17.4757281553398,68.9320388349515,6,13.9240506329114,299,0,0
wyoming,50,2015,6,10.1694915254237,81.3559322033898,6,8.86075949367089,300,0.0588235294117647,0.352941176470588
alaska,1,2016,13,13.8297872340426,74.468085106383,7,12.987012987013,301,0,0
alabama,2,2016,20,14.7058823529412,58.0882352941177,7,0,302,0.0384615384615385,0.769230769230769
arkansas,3,2016,15,13.2743362831858,52.212389380531,7,6.49350649350649,303,0.0294117647058824,0.441176470588235
arizona,4,2016,70,19.5530726256983,43.2960893854749,7,8.44155844155844,304,0.149606299212598,10.4724409448819
california,5,2016,354,24.7552447552448,51.1188811188811,7,78.5714285714286,305,0.151202749140893,53.5257731958763
colorado,6,2016,82,20.5513784461153,46.1152882205514,7,59.0909090909091,306,0.158415841584158,12.990099009901
connecticut,7,2016,54,24.1071428571429,74.5535714285714,7,62.3376623376623,307,0.0677966101694915,3.66101694915254
delaware,8,2016,12,25.531914893617,53.1914893617021,7,41.5584415584416,308,0.0833333333333333,1
florida,9,2016,159,22.2067039106145,40.6424581005587,7,17.5324675324675,309,0.122065727699531,19.4084507042254
georgia,10,2016,53,16.8789808917197,32.1656050955414,7,1.2987012987013,310,0.101123595505618,5.35955056179775
hawaii,11,2016,19,10.9195402298851,89.6551724137931,7,40.2597402597403,311,0,0
iowa,12,2016,13,7.97546012269939,62.5766871165644,7,33.7662337662338,312,0.125,1.625
idaho,13,2016,30,20.979020979021,51.7482517482517,7,9.74025974025974,313,0.08,2.4
illinois,14,2016,87,12.8888888888889,47.2592592592593,7,57.7922077922078,314,0.113475177304965,9.87234042553191
indiana,15,2016,28,10.5660377358491,55.4716981132075,7,14.9350649350649,315,0.0491803278688525,1.37704918032787
kansas,16,2016,30,14.9253731343284,52.7363184079602,7,11.6883116883117,316,0.142857142857143,4.28571428571429
kentucky,17,2016,49,13.4986225895317,42.6997245179063,7,11.6883116883117,317,0.0769230769230769,3.76923076923077
louisiana,18,2016,21,13.3757961783439,57.3248407643312,7,2.5974025974026,318,0,0
massachusetts,19,2016,94,26.4788732394366,61.4084507042253,7,67.5324675324675,319,0.133333333333333,12.5333333333333
maryland,20,2016,92,22.8855721393035,36.81592039801,7,57.1428571428571,320,0.109375,10.0625
maine,21,2016,41,17.9039301310044,29.2576419213974,7,54.5454545454545,321,0.264705882352941,10.8529411764706
michigan,22,2016,74,15.4488517745303,54.9060542797495,7,7.79220779220779,322,0.168224299065421,12.4485981308411
minnesota,23,2016,55,14.8648648648649,40.5405405405405,7,56.4935064935065,323,0.135802469135802,7.46913580246914
missouri,24,2016,25,8.74125874125874,76.2237762237762,7,3.8961038961039,324,0.0571428571428571,1.42857142857143
mississippi,25,2016,13,13.6842105263158,65.2631578947368,7,3.8961038961039,325,0.136363636363636,1.77272727272727
montana,26,2016,12,18.75,81.25,7,7.79220779220779,326,0.0454545454545455,0.545454545454545
north carolina,27,2016,105,21.4723926380368,38.0368098159509,7,7.79220779220779,327,0.0648648648648649,6.81081081081081
north dakota,28,2016,5,8.33333333333333,35,7,3.8961038961039,328,0.25,1.25
nebraska,29,2016,12,8.82352941176471,69.1176470588235,7,5.84415584415584,329,0.368421052631579,4.42105263157895
new hampshire,30,2016,4,6.25,45.3125,7,25.974025974026,330,0,0
new jersey,31,2016,94,25.3369272237197,50.9433962264151,7,63.6363636363636,331,0.099236641221374,9.32824427480916
new mexico,32,2016,43,27.9220779220779,58.4415584415584,7,40.2597402597403,332,0.137931034482759,5.93103448275862
nevada,33,2016,22,27.5,52.5,7,46.1038961038961,333,0.159090909090909,3.5
new york,34,2016,163,17.6789587852495,51.8438177874187,7,62.987012987013,334,0.139130434782609,22.6782608695652
ohio,35,2016,37,9.11330049261084,70.1970443349754,7,11.038961038961,335,0.12280701754386,4.54385964912281
oklahoma,36,2016,47,23.0392156862745,57.3529411764706,7,3.8961038961039,336,0.127272727272727,5.98181818181818
oregon,37,2016,33,14.7982062780269,53.3632286995516,7,72.7272727272727,337,0.0784313725490196,2.58823529411765
pennsylvania,38,2016,104,19.6969696969697,47.1590909090909,7,18.1818181818182,338,0.225563909774436,23.4586466165414
rhode island,39,2016,9,17.3076923076923,48.0769230769231,7,70.1298701298701,339,0.142857142857143,1.28571428571429
south carolina,40,2016,10,8.7719298245614,53.5087719298246,7,3.8961038961039,340,0.0714285714285714,0.714285714285714
south dakota,41,2016,10,16.1290322580645,77.4193548387097,7,6.49350649350649,341,0.111111111111111,1.11111111111111
tennessee,42,2016,23,10.1321585903084,62.5550660792952,7,1.2987012987013,342,0.05,1.15
texas,43,2016,86,17.6229508196721,50.2049180327869,7,10.3896103896104,343,0.096,8.256
utah,44,2016,55,23.4042553191489,34.0425531914894,7,20.7792207792208,344,0.128205128205128,7.05128205128205
virginia,45,2016,22,9.60698689956332,57.6419213973799,7,6.49350649350649,345,0.0816326530612245,1.79591836734694
vermont,46,2016,3,6.52173913043478,82.6086956521739,7,73.3766233766234,346,0.333333333333333,1
washington,47,2016,49,11.4485981308411,46.9626168224299,7,68.8311688311688,347,0.115942028985507,5.68115942028986
wisconsin,48,2016,38,13.5714285714286,50.7142857142857,7,27.9220779220779,348,0.0476190476190476,1.80952380952381
west virginia,49,2016,21,19.811320754717,64.1509433962264,7,11.6883116883117,349,0,0
wyoming,50,2016,7,12.0689655172414,79.3103448275862,7,6.49350649350649,350,0.0588235294117647,0.411764705882353
alaska,1,2017,9,10.1123595505618,73.0337078651685,8,17.0731707317073,351,0,0
alabama,2,2017,23,17.8294573643411,61.2403100775194,8,0,352,0.0384615384615385,0.884615384615385
arkansas,3,2017,12,10.1694915254237,60.1694915254237,8,7.31707317073171,353,0.0294117647058824,0.352941176470588
arizona,4,2017,72,21.1143695014663,41.3489736070381,8,13.4146341463415,354,0.149606299212598,10.7716535433071
california,5,2017,355,27.0785659801678,52.0976353928299,8,84.1463414634146,355,0.151202749140893,53.6769759450172
colorado,6,2017,82,21.5223097112861,50.6561679790026,8,62.1951219512195,356,0.158415841584158,12.990099009901
connecticut,7,2017,46,21.9047619047619,72.3809523809524,8,73.1707317073171,357,0.0677966101694915,3.11864406779661
delaware,8,2017,5,14.7058823529412,47.0588235294118,8,50,358,0.0833333333333333,0.416666666666667
florida,9,2017,150,22.4550898203593,41.6167664670659,8,18.2926829268293,359,0.122065727699531,18.3098591549296
georgia,10,2017,64,21.9178082191781,34.9315068493151,8,2.4390243902439,360,0.101123595505618,6.47191011235955
hawaii,11,2017,19,11.3095238095238,87.5,8,53.6585365853659,361,0,0
iowa,12,2017,14,8.58895705521472,65.6441717791411,8,37.8048780487805,362,0.125,1.75
idaho,13,2017,27,21.7741935483871,46.7741935483871,8,9.75609756097561,363,0.08,2.16
illinois,14,2017,98,15.4818325434439,49.4470774091627,8,68.2926829268293,364,0.113475177304965,11.1205673758865
indiana,15,2017,34,11.1475409836066,61.3114754098361,8,20.7317073170732,365,0.0491803278688525,1.67213114754098
kansas,16,2017,30,16.4835164835165,57.1428571428571,8,15.2439024390244,366,0.142857142857143,4.28571428571429
kentucky,17,2017,53,14.7632311977716,42.3398328690808,8,20.7317073170732,367,0.0769230769230769,4.07692307692308
louisiana,18,2017,19,13.9705882352941,55.1470588235294,8,7.31707317073171,368,0,0
massachusetts,19,2017,91,25.9259259259259,65.8119658119658,8,70.7317073170732,369,0.133333333333333,12.133333333333301
maryland,20,2017,87,22.4806201550388,36.6925064599483,8,62.1951219512195,370,0.109375,9.515625
maine,21,2017,32,16.0804020100502,40.7035175879397,8,53.6585365853659,371,0.264705882352941,8.47058823529412
michigan,22,2017,76,16.6666666666667,55.7017543859649,8,14.6341463414634,372,0.168224299065421,12.785046728972
minnesota,23,2017,53,14.8876404494382,45.2247191011236,8,59.7560975609756,373,0.135802469135802,7.19753086419753
missouri,24,2017,24,9.33852140077821,78.988326848249,8,14.6341463414634,374,0.0571428571428571,1.37142857142857
mississippi,25,2017,16,17.9775280898876,67.4157303370787,8,4.8780487804878,375,0.136363636363636,2.18181818181818
montana,26,2017,8,11.4285714285714,71.4285714285714,8,12.1951219512195,376,0.0454545454545455,0.363636363636364
north carolina,27,2017,101,21.3983050847458,40.4661016949153,8,16.4634146341463,377,0.0648648648648649,6.55135135135135
north dakota,28,2017,7,9.85915492957746,36.6197183098592,8,7.31707317073171,378,0.25,1.75
nebraska,29,2017,15,12,70.4,8,4.8780487804878,379,0.368421052631579,5.52631578947368
new hampshire,30,2017,3,4.47761194029851,43.2835820895522,8,28.0487804878049,380,0,0
new jersey,31,2017,96,27.906976744186,52.3255813953488,8,71.9512195121951,381,0.099236641221374,9.52671755725191
new mexico,32,2017,39,28.6764705882353,66.9117647058823,8,48.780487804878,382,0.137931034482759,5.37931034482759
nevada,33,2017,28,36.3636363636364,57.1428571428571,8,59.7560975609756,383,0.159090909090909,4.45454545454545
new york,34,2017,156,18.5273159144893,51.4251781472684,8,68.2926829268293,384,0.139130434782609,21.704347826087
ohio,35,2017,40,9.7799511002445,67.9706601466993,8,12.1951219512195,385,0.12280701754386,4.91228070175439
oklahoma,36,2017,46,24.0837696335079,61.7801047120419,8,7.31707317073171,386,0.127272727272727,5.85454545454545
oregon,37,2017,45,19.9115044247788,56.1946902654867,8,75.609756097561,387,0.0784313725490196,3.52941176470588
pennsylvania,38,2017,98,19.5219123505976,51.99203187251,8,32.9268292682927,388,0.225563909774436,22.1052631578947
rhode island,39,2017,8,16.6666666666667,41.6666666666667,8,78.0487804878049,389,0.142857142857143,1.14285714285714
south carolina,40,2017,7,6.48148148148148,56.4814814814815,8,6.09756097560976,390,0.0714285714285714,0.5
south dakota,41,2017,11,18.9655172413793,82.7586206896552,8,3.65853658536585,391,0.111111111111111,1.22222222222222
tennessee,42,2017,24,11.0599078341014,62.6728110599078,8,1.21951219512195,392,0.05,1.2
texas,43,2017,86,19.953596287703,53.3642691415313,8,14.6341463414634,393,0.096,8.256
utah,44,2017,56,23.4309623430962,35.9832635983264,8,29.8780487804878,394,0.128205128205128,7.17948717948718
virginia,45,2017,25,11.2107623318386,55.6053811659193,8,12.1951219512195,395,0.0816326530612245,2.04081632653061
vermont,46,2017,4,9.52380952380952,83.3333333333333,8,71.9512195121951,396,0.333333333333333,1.33333333333333
washington,47,2017,39,9.84848484848485,49.2424242424242,8,71.9512195121951,397,0.115942028985507,4.52173913043478
wisconsin,48,2017,44,16.1172161172161,51.2820512820513,8,26.8292682926829,398,0.0476190476190476,2.09523809523809
west virginia,49,2017,20,19.6078431372549,62.7450980392157,8,10.9756097560976,399,0,0
wyoming,50,2017,11,23.4042553191489,76.5957446808511,8,6.09756097560976,400,0.0588235294117647,0.647058823529412
alaska,1,2018,9,9.89010989010989,76.9230769230769,9,17.0731707317073,401,0,0
alabama,2,2018,21,15.9090909090909,73.4848484848485,9,0,402,0.0384615384615385,0.807692307692308
arkansas,3,2018,22,15.2777777777778,63.8888888888889,9,8.53658536585366,403,0.0294117647058824,0.647058823529412
arizona,4,2018,101,24.8157248157248,44.7174447174447,9,15.8536585365854,404,0.149606299212598,15.1102362204724
california,5,2018,404,26.8974700399467,50.4660452729694,9,86.5853658536585,405,0.151202749140893,61.085910652921
colorado,6,2018,102,25.2475247524752,48.5148514851485,9,63.4146341463415,406,0.158415841584158,16.1584158415842
connecticut,7,2018,55,25,70.4545454545455,9,74.390243902439,407,0.0677966101694915,3.72881355932203
delaware,8,2018,10,25,47.5,9,59.1463414634146,408,0.0833333333333333,0.833333333333333
florida,9,2018,189,26.0330578512397,40.2203856749311,9,25,409,0.122065727699531,23.0704225352113
georgia,10,2018,73,21.9879518072289,35.5421686746988,9,2.4390243902439,410,0.101123595505618,7.38202247191011
hawaii,11,2018,21,12.5,85.7142857142857,9,68.2926829268293,411,0,0
iowa,12,2018,19,11.377245508982,65.8682634730539,9,39.0243902439024,412,0.125,2.375
idaho,13,2018,30,22.5563909774436,56.390977443609,9,15.8536585365854,413,0.08,2.4
illinois,14,2018,107,15.7584683357879,50.9572901325479,9,69.5121951219512,414,0.113475177304965,12.1418439716312
indiana,15,2018,41,11.1413043478261,55.4347826086957,9,21.9512195121951,415,0.0491803278688525,2.01639344262295
kansas,16,2018,32,17.877094972067,61.4525139664804,9,11.5853658536585,416,0.142857142857143,4.57142857142857
kentucky,17,2018,60,14.3540669856459,39.7129186602871,9,20.7317073170732,417,0.0769230769230769,4.61538461538462
louisiana,18,2018,27,18.6206896551724,54.4827586206897,9,7.92682926829268,418,0,0
massachusetts,19,2018,107,25.8454106280193,59.1787439613527,9,75.609756097561,419,0.133333333333333,14.2666666666667
maryland,20,2018,100,24.2130750605327,30.5084745762712,9,67.6829268292683,420,0.109375,10.9375
maine,21,2018,41,22.6519337016575,46.4088397790055,9,56.0975609756098,421,0.264705882352941,10.8529411764706
michigan,22,2018,79,16.989247311828,55.9139784946236,9,29.2682926829268,422,0.168224299065421,13.2897196261682
minnesota,23,2018,53,14.021164021164,44.973544973545,9,66.4634146341463,423,0.135802469135802,7.19753086419753
missouri,24,2018,28,10.2564102564103,76.9230769230769,9,15.2439024390244,424,0.0571428571428571,1.6
mississippi,25,2018,20,20.4081632653061,60.2040816326531,9,6.09756097560976,425,0.136363636363636,2.72727272727273
montana,26,2018,9,12.5,70.8333333333333,9,22.5609756097561,426,0.0454545454545455,0.409090909090909
north carolina,27,2018,111,21.6374269005848,42.6900584795322,9,11.5853658536585,427,0.0648648648648649,7.2
north dakota,28,2018,10,12.8205128205128,39.7435897435897,9,6.70731707317073,428,0.25,2.5
nebraska,29,2018,21,16.9354838709677,69.3548387096774,9,4.8780487804878,429,0.368421052631579,7.73684210526316
new hampshire,30,2018,16,22.2222222222222,41.6666666666667,9,48.1707317073171,430,0,0
new jersey,31,2018,112,30.3523035230352,49.0514905149051,9,76.8292682926829,431,0.099236641221374,11.1145038167939
new mexico,32,2018,45,32.1428571428571,64.2857142857143,9,54.2682926829268,432,0.137931034482759,6.20689655172414
nevada,33,2018,27,33.3333333333333,56.7901234567901,9,67.0731707317073,433,0.159090909090909,4.29545454545454
new york,34,2018,169,18.8195991091314,53.6748329621381,9,69.5121951219512,434,0.139130434782609,23.5130434782609
ohio,35,2018,55,11.8534482758621,67.8879310344828,9,14.0243902439024,435,0.12280701754386,6.75438596491228
oklahoma,36,2018,49,24.5,64,9,6.09756097560976,436,0.127272727272727,6.23636363636364
oregon,37,2018,54,23.5807860262009,60.6986899563319,9,76.219512195122,437,0.0784313725490196,4.23529411764706
pennsylvania,38,2018,102,17.6470588235294,51.3840830449827,9,42.0731707317073,438,0.225563909774436,23.0075187969925
rhode island,39,2018,5,8.92857142857143,50,9,79.8780487804878,439,0.142857142857143,0.714285714285714
south carolina,40,2018,8,7.01754385964912,61.4035087719298,9,4.8780487804878,440,0.0714285714285714,0.571428571428571
south dakota,41,2018,6,10.1694915254237,84.7457627118644,9,4.8780487804878,441,0.111111111111111,0.666666666666667
tennessee,42,2018,23,10.4072398190045,63.8009049773756,9,2.4390243902439,442,0.05,1.15
texas,43,2018,97,19.3227091633466,51.792828685259,9,14.6341463414634,443,0.096,9.312
utah,44,2018,76,28.2527881040892,33.8289962825279,9,28.0487804878049,444,0.128205128205128,9.74358974358974
virginia,45,2018,36,15.5844155844156,54.5454545454545,9,13.4146341463415,445,0.0816326530612245,2.93877551020408
vermont,46,2018,6,13.0434782608696,82.6086956521739,9,73.1707317073171,446,0.333333333333333,2
washington,47,2018,53,11.9101123595506,52.1348314606742,9,78.0487804878049,447,0.115942028985507,6.14492753623188
wisconsin,48,2018,40,14.9253731343284,48.5074626865672,9,29.8780487804878,448,0.0476190476190476,1.9047619047619
west virginia,49,2018,16,14.8148148148148,60.1851851851852,9,14.6341463414634,449,0,0
wyoming,50,2018,8,15.0943396226415,77.3584905660377,9,7.92682926829268,450,0.0588235294117647,0.470588235294118
alaska,1,2019,11,11.4583333333333,72.9166666666667,10,15.2439024390244,451,0,0
alabama,2,2019,26,16.9934640522876,67.9738562091503,10,0,452,0.0384615384615385,1
arkansas,3,2019,30,17.9640718562874,61.0778443113772,10,10.9756097560976,453,0.0294117647058824,0.882352941176471
arizona,4,2019,136,30.4932735426009,46.1883408071749,10,17.6829268292683,454,0.149606299212598,20.3464566929134
california,5,2019,575,31.9977740678909,44.2960489705064,10,93.9024390243902,455,0.151202749140893,86.9415807560137
colorado,6,2019,112,27.4509803921569,50.4901960784314,10,76.219512195122,456,0.158415841584158,17.7425742574257
connecticut,7,2019,52,23.6363636363636,71.3636363636364,10,79.8780487804878,457,0.0677966101694915,3.52542372881356
delaware,8,2019,10,22.7272727272727,43.1818181818182,10,59.7560975609756,458,0.0833333333333333,0.833333333333333
florida,9,2019,199,27.448275862069,41.6551724137931,10,26.8292682926829,459,0.122065727699531,24.2910798122066
georgia,10,2019,81,22.6256983240223,33.5195530726257,10,3.65853658536585,460,0.101123595505618,8.19101123595506
hawaii,11,2019,24,14.3712574850299,85.6287425149701,10,76.219512195122,461,0,0
iowa,12,2019,23,12.2994652406417,59.8930481283422,10,42.6829268292683,462,0.125,2.875
idaho,13,2019,25,20.1612903225806,47.5806451612903,10,12.8048780487805,463,0.08,2
illinois,14,2019,128,16.5161290322581,52.3870967741936,10,73.780487804878,464,0.113475177304965,14.5248226950355
indiana,15,2019,45,11.4503816793893,54.1984732824427,10,26.8292682926829,465,0.0491803278688525,2.21311475409836
kansas,16,2019,34,18.9944134078212,61.4525139664804,10,15.8536585365854,466,0.142857142857143,4.85714285714286
kentucky,17,2019,85,18.9309576837416,39.8663697104677,10,20.7317073170732,467,0.0769230769230769,6.53846153846154
louisiana,18,2019,33,22.6027397260274,53.4246575342466,10,6.70731707317073,468,0,0
massachusetts,19,2019,116,26.4840182648402,56.3926940639269,10,81.7073170731707,469,0.133333333333333,15.4666666666667
maryland,20,2019,112,25.9860788863109,23.8979118329466,10,72.5609756097561,470,0.109375,12.25
maine,21,2019,41,22.0430107526882,48.9247311827957,10,68.9024390243902,471,0.264705882352941,10.8529411764706
michigan,22,2019,101,21.627408993576,59.5289079229122,10,40.8536585365854,472,0.168224299065421,16.9906542056075
minnesota,23,2019,77,19.106699751861,43.6724565756824,10,70.1219512195122,473,0.135802469135802,10.4567901234568
missouri,24,2019,37,13.1672597864769,75.0889679715303,10,13.4146341463415,474,0.0571428571428571,2.11428571428571
mississippi,25,2019,22,20,61.8181818181818,10,9.75609756097561,475,0.136363636363636,3
montana,26,2019,16,18.1818181818182,69.3181818181818,10,25,476,0.0454545454545455,0.727272727272727
north carolina,27,2019,141,25.5434782608696,40.7608695652174,10,18.2926829268293,477,0.0648648648648649,9.14594594594595
north dakota,28,2019,7,8.23529411764706,44.7058823529412,10,6.70731707317073,478,0.25,1.75
nebraska,29,2019,20,15.2671755725191,73.2824427480916,10,6.09756097560976,479,0.368421052631579,7.36842105263158
new hampshire,30,2019,18,22.5,35,10,52.4390243902439,480,0,0
new jersey,31,2019,117,31.6216216216216,49.4594594594595,10,78.6585365853659,481,0.099236641221374,11.6106870229008
new mexico,32,2019,61,36.7469879518072,65.6626506024096,10,63.4146341463415,482,0.137931034482759,8.41379310344828
nevada,33,2019,33,31.1320754716981,56.6037735849057,10,79.2682926829268,483,0.159090909090909,5.25
new york,34,2019,203,21.9459459459459,53.4054054054054,10,89.0243902439024,484,0.139130434782609,28.2434782608696
ohio,35,2019,87,15.7039711191336,64.9819494584838,10,14.0243902439024,485,0.12280701754386,10.6842105263158
oklahoma,36,2019,52,25,67.3076923076923,10,8.53658536585366,486,0.127272727272727,6.61818181818182
oregon,37,2019,57,24.3589743589744,58.1196581196581,10,79.8780487804878,487,0.0784313725490196,4.47058823529412
pennsylvania,38,2019,133,22.1666666666667,53.1666666666667,10,45.1219512195122,488,0.225563909774436,30
rhode island,39,2019,8,13.5593220338983,55.9322033898305,10,85.3658536585366,489,0.142857142857143,1.14285714285714
south carolina,40,2019,15,12.396694214876,59.504132231405,10,8.53658536585366,490,0.0714285714285714,1.07142857142857
south dakota,41,2019,9,15.2542372881356,79.6610169491525,10,3.65853658536585,491,0.111111111111111,1
tennessee,42,2019,53,16.9329073482428,63.5782747603834,10,4.26829268292683,492,0.05,2.65
texas,43,2019,108,21.09375,50.390625,10,12.1951219512195,493,0.096,10.368
utah,44,2019,100,32.258064516129,33.8709677419355,10,33.5365853658537,494,0.128205128205128,12.8205128205128
virginia,45,2019,43,16.9291338582677,51.5748031496063,10,12.8048780487805,495,0.0816326530612245,3.51020408163265
vermont,46,2019,7,14.5833333333333,79.1666666666667,10,84.1463414634146,496,0.333333333333333,2.33333333333333
washington,47,2019,65,14.3805309734513,52.4336283185841,10,79.8780487804878,497,0.115942028985507,7.53623188405797
wisconsin,48,2019,39,14.1304347826087,46.7391304347826,10,36.5853658536585,498,0.0476190476190476,1.85714285714286
west virginia,49,2019,14,12.0689655172414,57.7586206896552,10,12.1951219512195,499,0,0
wyoming,50,2019,17,29.8245614035088,77.1929824561403,10,10.9756097560976,500,0.0588235294117647,1
alabama,1,2020,26,16.7741935483871,64.5,6.6290930977032,0,501,0.0384615384615385,1
alaska,2,2020,12,11.4285714285714,74.3,2.85544280693434,23.8888888888889,502,0,0
arizona,3,2020,127,28.4116331096197,46.8,6.74839227439037,26.1111111111111,503,0.149606299212598,19
arkansas,4,2020,34,19.8830409356725,56.1,9.57956636322079,13.3333333333333,504,0.0294117647058824,1
california,5,2020,582,33.5640138408304,44.7,10.0985472916253,91.6666666666667,505,0.151202749140893,88
colorado,6,2020,101,25.6997455470738,54.7,5.86503011307406,88.3333333333333,506,0.158415841584158,16
connecticut,7,2020,59,28.0952380952381,71,10.2252141109195,91.1111111111111,507,0.0677966101694915,4
delaware,8,2020,12,24.4897959183673,38.8,6.82934590638628,70.5555555555556,508,0.0833333333333333,1
florida,9,2020,213,29.9157303370786,41.4,12.5035860537582,31.6666666666667,509,0.122065727699531,26
georgia,10,2020,89,25.5747126436782,35.1,7.7306677077209,14.4444444444444,510,0.101123595505618,9
hawaii,11,2020,28,17.3913043478261,85.7,7.43163304492443,80.5555555555556,511,0,0
idaho,12,2020,25,22.7272727272727,42.7,9.35619340300381,20.5555555555556,512,0.08,2
illinois,13,2020,141,19.7755960729313,53.3,8.95029669988533,81.1111111111111,513,0.113475177304965,16
indiana,14,2020,61,14.6634615384615,55,5.77422573204976,31.1111111111111,514,0.0491803278688525,3
iowa,15,2020,24,12.972972972973,58.9,7.49158616060937,52.2222222222222,515,0.125,3
kansas,16,2020,28,16.4705882352941,61.2,5.19720982956066,29.4444444444444,516,0.142857142857143,4
kentucky,17,2020,91,19.0775681341719,41.9,9.3348363296996,31.6666666666667,517,0.0769230769230769,7
louisiana,18,2020,42,27.0967741935484,53.5,11.8177482357762,8.88888888888889,518,0,0
maine,19,2020,34,17.3469387755102,49,9.54177985311239,92.2222222222222,519,0.264705882352941,9
maryland,20,2020,128,29.6296296296296,22.5,8.16394876595149,73.8888888888889,520,0.109375,14
massachusetts,21,2020,120,27.2727272727273,58.4,10.7388826688696,86.6666666666667,521,0.133333333333333,16
michigan,22,2020,107,23.5164835164835,62.4,8.02810925957034,44.4444444444444,522,0.168224299065421,18
minnesota,23,2020,81,20.1995012468828,43.4,6.13768289364914,81.1111111111111,523,0.135802469135802,11
mississippi,24,2020,22,20.952380952381,65.7,6.50988177625425,6.66666666666667,524,0.136363636363636,3
missouri,25,2020,35,12.589928057554,76.3,3.27071541283965,17.2222222222222,525,0.0571428571428571,2
montana,26,2020,22,17.0542635658915,65.9,8.6810322284277,34.4444444444444,526,0.0454545454545455,1
nebraska,27,2020,19,15.4471544715447,71.5,8.98666038792741,20,527,0.368421052631579,7
nevada,28,2020,44,40.3669724770642,51.4,11.0054549617435,91.1111111111111,528,0.159090909090909,7
new hampshire,29,2020,33,30.2752293577982,37.6,9.89005300891288,70.5555555555556,529,0,0
new jersey,30,2020,131,34.2036553524804,47.3,9.84905331816484,81.1111111111111,530,0.099236641221374,13
new mexico,31,2020,58,35.8024691358025,61.7,15.3696146964378,73.3333333333333,531,0.137931034482759,8
new york,32,2020,230,25.7270693512304,54.1,6.48160340902606,91.6666666666667,532,0.139130434782609,32
north carolina,33,2020,185,30.278232405892,37.3,10.923168833973,20.5555555555556,533,0.0648648648648649,12
north dakota,34,2020,4,4.59770114942529,47.1,5.19949807398277,11.1111111111111,534,0.25,1
ohio,35,2020,114,18.4168012924071,60.3,10.1956961666507,20.5555555555556,535,0.12280701754386,14
oklahoma,36,2020,55,28.2051282051282,71.8,11.2466634290526,12.2222222222222,536,0.127272727272727,7
oregon,37,2020,51,20.6477732793522,55.1,3.88504498368119,84.4444444444444,537,0.0784313725490196,4
pennsylvania,38,2020,133,22.0198675496689,52.6,6.44749972143671,50,538,0.225563909774436,30
rhode island,39,2020,14,22.2222222222222,57.1,4.61729921187593,87.2222222222222,539,0.142857142857143,2
south carolina,40,2020,14,11.2903225806452,61.3,3.02644355887728,13.3333333333333,540,0.0714285714285714,1
south dakota,41,2020,9,15.5172413793103,81,6.38041064405028,8.88888888888889,541,0.111111111111111,1
tennessee,42,2020,60,19.2926045016077,65,8.71512694224632,5.55555555555556,542,0.05,3
texas,43,2020,125,24.5579567779961,50.9,9.30989012319584,11.1111111111111,543,0.096,12
utah,44,2020,117,35.1351351351351,33.6,7.66954542195943,45,544,0.128205128205128,15
vermont,45,2020,6,11.5384615384615,73.1,10.1630603388276,90,545,0.333333333333333,2
virginia,46,2020,49,19.6787148594378,49.4,9.56254121963555,56.1111111111111,546,0.0816326530612245,4
washington,47,2020,69,15.0984682713348,48.8,6.13557452580119,90.5555555555556,547,0.115942028985507,8
west virginia,48,2020,27,21.4285714285714,55.6,8.50809209598646,26.6666666666667,548,0,0
wisconsin,49,2020,42,14.2372881355932,44.4,7.48549498143208,48.8888888888889,549,0.0476190476190476,2
wyoming,50,2020,17,28.3333333333333,76.7,10.7060588799408,18.3333333333333,550,0.0588235294117647,1
