"","region","case_state","year","govt_fund","lgbtq_perc","lgbtq_perc_actual","lgbtq_total","n","govt_total","perc_confirmed","lgbtq_actual","t","n_facility","state_policy","temp_id"
"1","alaska",1,2010,83.1168831168831,2.5974025974026,0,2,77,64,0,0,1,288.292733102207,14.4578313253012,1
"2","alabama",2,2010,63.768115942029,2.89855072463768,0.111482720178372,4,138,88,0.0384615384615385,0.153846153846154,1,391.841226829297,7.2289156626506,2
"3","arkansas",3,2010,75.8064516129032,8.06451612903226,0.23719165085389,5,62,47,0.0294117647058824,0.147058823529412,1,241.879417062895,14.4578313253012,3
"4","arizona",4,2010,42.9906542056075,3.73831775700935,0.55927588490691,8,214,92,0.149606299212598,1.19685039370079,1,257.655874477122,16.8674698795181,4
"5","california",5,2010,60.3936039360394,10.2706027060271,1.55294336448519,167,1626,982,0.151202749140893,25.2508591065292,1,737.668353775094,36.144578313253,5
"6","colorado",6,2010,50.5720823798627,10.0686498855835,1.59503364524095,44,437,221,0.158415841584158,6.97029702970297,1,254.949314473412,36.144578313253,6
"7","connecticut",7,2010,71.2820512820513,2.05128205128205,0.139069969578444,4,195,139,0.0677966101694915,0.271186440677966,1,348.679193234106,31.3253012048193,7
"8","delaware",8,2010,67.5675675675676,5.40540540540541,0.45045045045045,2,37,25,0.0833333333333333,0.166666666666667,1,175.021489719716,26.5060240963855,8
"9","florida",9,2010,51.7706576728499,6.57672849915683,0.80279315013182,39,593,307,0.122065727699531,4.76056338028169,1,342.783701978676,12.0481927710843,9
"10","georgia",10,2010,46.9135802469136,2.46913580246914,0.249687890137328,6,243,114,0.101123595505618,0.606741573033708,1,271.585941213888,12.0481927710843,10
"11","hawaii",11,2010,87.3949579831933,2.52100840336134,0,3,119,104,0,0,1,294.591497051933,33.7349397590361,11
"12","iowa",12,2010,76,0.8,0.1,1,125,95,0.125,0.125,1,210.26167114094,43.3734939759036,12
"13","idaho",13,2010,67.741935483871,3.2258064516129,0.258064516129032,3,93,63,0.08,0.24,1,300.555608914843,4.81927710843374,13
"14","illinois",14,2010,53.960396039604,6.6006600660066,0.749011071319898,40,606,327,0.113475177304965,4.53900709219858,1,382.137901901539,36.144578313253,14
"15","indiana",15,2010,63.003663003663,3.66300366300366,0.180147721131328,10,273,172,0.0491803278688525,0.491803278688525,1,303.643494096667,14.4578313253012,15
"16","kansas",16,2010,55.9241706161137,5.21327014218009,0.744752877454299,11,211,118,0.142857142857143,1.57142857142857,1,248.629991248078,9.63855421686747,16
"17","kentucky",17,2010,51.877133105802,3.7542662116041,0.28878970858493,11,293,152,0.0769230769230769,0.846153846153846,1,337.495853023168,14.4578313253012,17
"18","louisiana",18,2010,74.025974025974,3.24675324675325,0,5,154,114,0,0,1,361.237992501553,24.0963855421687,18
"19","massachusetts",19,2010,60.9120521172638,5.53745928338762,0.738327904451683,17,307,187,0.133333333333333,2.26666666666667,1,214.617246931827,31.3253012048193,19
"20","maryland",20,2010,53.0973451327434,4.71976401179941,0.51622418879056,16,339,180,0.109375,1.75,1,272.167366719607,28.9156626506024,20
"21","maine",21,2010,35.7541899441341,3.91061452513966,1.03516266841932,7,179,64,0.264705882352941,1.85294117647059,1,325.028648441448,43.3734939759036,21
"22","michigan",22,2010,58.5263157894737,5.26315789473684,0.88539104771274,25,475,278,0.168224299065421,4.20560747663551,1,318.74906595372,7.2289156626506,22
"23","minnesota",23,2010,51.9480519480519,7.14285714285714,0.970017636684303,22,308,160,0.135802469135802,2.98765432098765,1,358.884287549738,31.3253012048193,23
"24","missouri",24,2010,80.6818181818182,2.27272727272727,0.12987012987013,6,264,213,0.0571428571428571,0.342857142857143,1,329.383601152727,12.0481927710843,24
"25","mississippi",25,2010,75.4901960784314,4.43296151641029,1.09802865903318,15.9820414605564,102,77,0.136363636363636,4.03331190505423,1,300.219718719053,0,25
"26","montana",26,2010,83.0188679245283,3.77358490566038,0.171526586620926,2,53,44,0.0454545454545455,0.0909090909090909,1,245.653728728504,4.81927710843374,26
"27","north carolina",27,2010,48.25,5.5,0.356756756756757,22,400,193,0.0648648648648649,1.42702702702703,1,484.658603205439,16.8674698795181,27
"28","north dakota",28,2010,40.3508771929825,3.50877192982456,0.87719298245614,2,57,23,0.25,0.5,1,163.784301188189,2.40963855421687,28
"29","nebraska",29,2010,81.7391304347826,2.60869565217391,0.961098398169336,3,115,94,0.368421052631579,1.10526315789474,1,83.5604201340329,14.4578313253012,29
"30","new hampshire",30,2010,63.4615384615385,3.84615384615385,0,2,52,33,0,0,1,268.314862378074,38.5542168674699,30
"31","new jersey",31,2010,60.2985074626866,7.46268656716418,0.740571949413239,25,335,202,0.099236641221374,2.48091603053435,1,306.985289135923,36.144578313253,31
"32","new mexico",32,2010,78.0141843971631,9.9290780141844,1.36952800195647,14,141,110,0.137931034482759,1.93103448275862,1,161.043516522645,33.7349397590361,32
"33","nevada",33,2010,60.7142857142857,5.95238095238095,0.946969696969697,5,84,51,0.159090909090909,0.795454545454545,1,279.978361880904,33.7349397590361,33
"34","new york",34,2010,58.2,7.7,1.07130434782609,77,1000,582,0.139130434782609,10.7130434782609,1,530.40736862442,26.5060240963855,34
"35","ohio",35,2010,71.8498659517426,1.07238605898123,0.131696533559099,4,373,268,0.12280701754386,0.491228070175439,1,291.951962738346,2.40963855421687,35
"36","oklahoma",36,2010,62.303664921466,3.66492146596859,0.466444550214184,7,191,119,0.127272727272727,0.890909090909091,1,304.732695032833,7.2289156626506,36
"37","oregon",37,2010,62.0535714285714,8.92857142857143,0.700280112044818,20,224,139,0.0784313725490196,1.56862745098039,1,307.787545414505,36.144578313253,37
"38","pennsylvania",38,2010,60.4127579737336,6.56660412757974,1.48118890095784,35,533,322,0.225563909774436,7.89473684210526,1,298.718155897797,19.2771084337349,38
"39","rhode island",39,2010,67.9245283018868,7.54716981132075,1.07816711590296,4,53,36,0.142857142857143,0.571428571428571,1,205.228754648383,33.7349397590361,39
"40","south carolina",40,2010,56.3106796116505,3.88349514563107,0.277392510402219,4,103,58,0.0714285714285714,0.285714285714286,1,325.390335623732,2.40963855421687,40
"41","south dakota",41,2010,78.1818181818182,1.81818181818182,0.202020202020202,1,55,43,0.111111111111111,0.111111111111111,1,296.560628603558,4.81927710843374,41
"42","tennessee",42,2010,69.3069306930693,2.47524752475248,0.123762376237624,5,202,140,0.05,0.25,1,279.234774544947,14.4578313253012,42
"43","texas",43,2010,55.726872246696,4.40528634361234,0.422907488986784,20,454,253,0.096,1.92,1,309.439967620359,24.0963855421687,43
"44","utah",44,2010,44.5205479452055,9.58904109589041,1.22936424306287,14,146,65,0.128205128205128,1.79487179487179,1,183.206584659662,4.81927710843374,44
"45","virginia",45,2010,62.9807692307692,3.36538461538462,0.274725274725275,7,208,131,0.0816326530612245,0.571428571428571,1,275.874362766209,14.4578313253012,45
"46","vermont",46,2010,69.0476190476191,9.52380952380952,3.17460317460317,4,42,29,0.333333333333333,1.33333333333333,1,126.57926556728,38.5542168674699,46
"47","washington",47,2010,54.2857142857143,3.73626373626374,0.43318999840739,17,455,247,0.115942028985507,1.97101449275362,1,290.060542411932,33.7349397590361,47
"48","wisconsin",48,2010,55.2,7.2,0.342857142857143,18,250,138,0.0476190476190476,0.857142857142857,1,272.611376198699,24.0963855421687,48
"49","west virginia",49,2010,71.9512195121951,4.8780487804878,0,4,82,59,0,0,1,265.944046624691,19.2771084337349,49
"50","wyoming",50,2010,86.6666666666667,5,0.294117647058823,3,60,52,0.0588235294117647,0.176470588235294,1,289.795102591761,4.81927710843374,50
"51","alaska",1,2011,80.2631578947368,5.26315789473684,0,4,76,61,0,0,2,227.929503628933,12.0481927710843,51
"52","alabama",2,2011,65.3061224489796,3.40136054421769,0.130821559392988,5,147,96,0.0384615384615385,0.192307692307692,2,322.299981473637,9.63855421686747,52
"53","arkansas",3,2011,68.8524590163934,0,0,0,61,42,0.0294117647058824,0,2,378.422175482929,19.2771084337349,53
"54","arizona",4,2011,47.0319634703196,5.02283105022831,0.751447164994787,11,219,103,0.149606299212598,1.64566929133858,2,357.380439815025,14.4578313253012,54
"55","california",5,2011,59.3654667480171,9.88407565588774,1.49449941188681,162,1639,973,0.151202749140893,24.4948453608247,2,795.401644272249,60.2409638554217,55
"56","colorado",6,2011,53.5714285714286,9.375,1.48514851485149,42,448,240,0.158415841584158,6.65346534653465,2,393.583536053455,50.6024096385542,56
"57","connecticut",7,2011,68.0851063829787,6.38297872340426,0.432744320230797,12,188,128,0.0677966101694915,0.813559322033898,2,233.122883492803,62.6506024096386,57
"58","delaware",8,2011,67.5675675675676,5.40540540540541,0.45045045045045,2,37,25,0.0833333333333333,0.166666666666667,2,167.172252972464,45.7831325301205,58
"59","florida",9,2011,52.0259319286872,5.9967585089141,0.731998691228951,37,617,321,0.122065727699531,4.51643192488263,2,338.704255029715,16.8674698795181,59
"60","georgia",10,2011,47.7911646586345,2.40963855421687,0.243671314471369,6,249,119,0.101123595505618,0.606741573033708,2,267.139638119549,12.0481927710843,60
"61","hawaii",11,2011,89.0756302521009,5.88235294117647,0,7,119,106,0,0,2,243.072318399792,53.0120481927711,61
"62","iowa",12,2011,78.5714285714286,0.793650793650794,0.0992063492063492,1,126,99,0.125,0.125,2,325.532722654402,60.2409638554217,62
"63","idaho",13,2011,64.0776699029126,3.88349514563107,0.310679611650485,4,103,66,0.08,0.32,2,219.025785131136,2.40963855421687,63
"64","illinois",14,2011,52.5078369905956,6.42633228840125,0.729229195846951,41,638,335,0.113475177304965,4.65248226950355,2,358.41471602421,57.8313253012048,64
"65","indiana",15,2011,60.2189781021898,2.18978102189781,0.107694148617925,6,274,165,0.0491803278688525,0.295081967213115,2,291.040070987429,21.6867469879518,65
"66","kansas",16,2011,56.3636363636364,1.81818181818182,0.25974025974026,4,220,124,0.142857142857143,0.571428571428571,2,267.581041211669,16.8674698795181,66
"67","kentucky",17,2011,49.3710691823899,3.77358490566038,0.290275761973875,12,318,157,0.0769230769230769,0.923076923076923,2,253.152953438798,14.4578313253012,67
"68","louisiana",18,2011,67.8321678321678,2.7972027972028,0,4,143,97,0,0,2,321.835594137972,14.4578313253012,68
"69","massachusetts",19,2011,63.0434782608696,5.59006211180124,0.745341614906832,18,322,203,0.133333333333333,2.4,2,322.750219088175,53.0120481927711,69
"70","maryland",20,2011,51.2893982808023,6.30372492836676,0.689469914040115,22,349,179,0.109375,2.40625,2,288.734579178126,40.9638554216867,70
"71","maine",21,2011,36.6197183098592,4.69483568075117,1.24275062137531,10,213,78,0.264705882352941,2.64705882352941,2,295.188747386682,53.0120481927711,71
"72","michigan",22,2011,57.8947368421053,6.88259109311741,1.15781906239358,34,494,286,0.168224299065421,5.7196261682243,2,363.401776666488,9.63855421686747,72
"73","minnesota",23,2011,53.015873015873,3.80952380952381,0.517342739564962,12,315,167,0.135802469135802,1.62962962962963,2,336.39735248819,40.9638554216867,73
"74","missouri",24,2011,77.5086505190311,2.07612456747405,0.118635689569946,6,289,224,0.0571428571428571,0.342857142857143,2,358.26286155443,19.2771084337349,74
"75","mississippi",25,2011,68.3673469387755,0,0,0,98,67,0.136363636363636,0,2,252.565213523475,7.2289156626506,75
"76","montana",26,2011,85.9649122807018,1.75438596491228,0.0797448165869219,1,57,49,0.0454545454545455,0.0454545454545455,2,221.771218557061,12.0481927710843,76
"77","north carolina",27,2011,44.0366972477064,4.35779816513761,0.282667989090007,19,436,192,0.0648648648648649,1.23243243243243,2,257.818370762373,14.4578313253012,77
"78","north dakota",28,2011,43.1034482758621,3.44827586206897,0.862068965517241,2,58,25,0.25,0.5,2,282.060800743785,12.0481927710843,78
"79","nebraska",29,2011,81.3008130081301,3.2520325203252,1.19811724433034,4,123,100,0.368421052631579,1.47368421052632,2,73.7335617847252,14.4578313253012,79
"80","new hampshire",30,2011,62.962962962963,1.85185185185185,0,1,54,34,0,0,2,384.949701908963,55.421686746988,80
"81","new jersey",31,2011,59.2797783933518,6.37119113573407,0.632255608889641,23,361,214,0.099236641221374,2.2824427480916,2,341.340727360571,62.6506024096386,81
"82","new mexico",32,2011,77.2413793103448,7.58620689655172,1.04637336504162,11,145,112,0.137931034482759,1.51724137931034,2,210.349921681891,40.9638554216867,82
"83","nevada",33,2011,65.8536585365854,2.4390243902439,0.388026607538803,2,82,54,0.159090909090909,0.318181818181818,2,148.337925373601,50.6024096385542,83
"84","new york",34,2011,58.3864118895966,5.30785562632696,0.738484261054186,50,942,550,0.139130434782609,6.95652173913043,2,430.406553946088,55.421686746988,84
"85","ohio",35,2011,73.4584450402145,1.60857908847185,0.197544800338648,6,373,274,0.12280701754386,0.736842105263158,2,350.796702198295,0,85
"86","oklahoma",36,2011,55.8375634517767,5.58375634517767,0.710659898477157,11,197,110,0.127272727272727,1.4,2,230.998585350577,9.63855421686747,86
"87","oregon",37,2011,62.9787234042553,5.95744680851064,0.467250730079266,14,235,148,0.0784313725490196,1.09803921568627,2,274.432114917966,60.2409638554217,87
"88","pennsylvania",38,2011,56.9204152249135,6.57439446366782,1.48294611962432,38,578,329,0.225563909774436,8.57142857142857,2,246.737711325735,16.8674698795181,88
"89","rhode island",39,2011,67.7966101694915,5.08474576271187,0.726392251815981,3,59,40,0.142857142857143,0.428571428571429,2,292.67528237266,53.0120481927711,89
"90","south carolina",40,2011,60,1.9047619047619,0.136054421768707,2,105,63,0.0714285714285714,0.142857142857143,2,228.109861295602,9.63855421686747,90
"91","south dakota",41,2011,75.8620689655172,1.72413793103448,0.191570881226054,1,58,44,0.111111111111111,0.111111111111111,2,184.448797718977,12.0481927710843,91
"92","tennessee",42,2011,70.1923076923077,2.40384615384615,0.120192307692308,5,208,146,0.05,0.25,2,340.323863278904,7.2289156626506,92
"93","texas",43,2011,55.7894736842105,3.78947368421053,0.36378947368421,18,475,265,0.096,1.728,2,397.891605661543,14.4578313253012,93
"94","utah",44,2011,48.9655172413793,6.89655172413793,0.884173297966401,10,145,71,0.128205128205128,1.28205128205128,2,235.138543041562,4.81927710843374,94
"95","virginia",45,2011,62.9107981220657,7.981220657277,0.651528216920571,17,213,134,0.0816326530612245,1.38775510204082,2,257.745884319051,12.0481927710843,95
"96","vermont",46,2011,73.8095238095238,7.14285714285714,2.38095238095238,3,42,31,0.333333333333333,1,2,162.773756326573,62.6506024096386,96
"97","washington",47,2011,55.1876379690949,3.75275938189845,0.435102537031705,17,453,250,0.115942028985507,1.97101449275362,2,229.34201702414,60.2409638554217,97
"98","wisconsin",48,2011,53.2075471698113,1.50943396226415,0.0718778077268643,4,265,141,0.0476190476190476,0.19047619047619,2,366.933766236986,33.7349397590361,98
"99","west virginia",49,2011,71.875,1.04166666666667,0,1,96,69,0,0,2,299.116910715679,12.0481927710843,99
"100","wyoming",50,2011,85,1.66666666666667,0.0980392156862745,1,60,51,0.0588235294117647,0.0588235294117647,2,122.746319489242,12.0481927710843,100
"101","alaska",1,2012,76.8421052631579,3.15789473684211,0,3,95,73,0,0,3,249.068283940348,6.89655172413793,101
"102","alabama",2,2012,61.4864864864865,3.37837837837838,0.12993762993763,5,148,91,0.0384615384615385,0.192307692307692,3,282.093499325412,4.59770114942529,102
"103","arkansas",3,2012,71.5789473684211,8.42105263157895,0.247678018575851,8,95,68,0.0294117647058824,0.235294117647059,3,166.286977874157,20.6896551724138,103
"104","arizona",4,2012,48.0243161094225,8.51063829787234,1.27324509968169,28,329,158,0.149606299212598,4.18897637795276,3,269.569874264997,22.9885057471264,104
"105","california",5,2012,59.7765363128492,8.81440099317194,1.33276166219782,142,1611,963,0.151202749140893,21.4707903780069,3,810.146763058252,80.4597701149425,105
"106","colorado",6,2012,49.6613995485327,8.12641083521445,1.28735221151912,36,443,220,0.158415841584158,5.7029702970297,3,300.749744999203,62.0689655172414,106
"107","connecticut",7,2012,70.4035874439462,7.62331838565022,0.516835144789846,17,223,157,0.0677966101694915,1.15254237288136,3,332.956529004584,80.4597701149425,107
"108","delaware",8,2012,67.5,12.5,1.04166666666667,5,40,27,0.0833333333333333,0.416666666666667,3,211.612340672935,62.0689655172414,108
"109","florida",9,2012,49.0740740740741,7.87037037037037,0.960702486524083,51,648,318,0.122065727699531,6.22535211267606,3,419.320695575123,13.7931034482759,109
"110","georgia",10,2012,41.726618705036,4.67625899280576,0.472880122867998,13,278,116,0.101123595505618,1.31460674157303,3,353.661477709508,13.7931034482759,110
"111","hawaii",11,2012,86.8852459016393,7.37704918032787,0,9,122,106,0,0,3,318.429393213403,68.9655172413793,111
"112","iowa",12,2012,64.1379310344827,8.96551724137931,1.12068965517241,13,145,93,0.125,1.625,3,261.188699729884,71.264367816092,112
"113","idaho",13,2012,62.6168224299065,3.73831775700935,0.299065420560748,4,107,67,0.08,0.32,3,286.168014824127,6.89655172413793,113
"114","illinois",14,2012,50.9554140127389,4.77707006369427,0.542078872475945,30,628,320,0.113475177304965,3.40425531914894,3,435.15078972578,68.9655172413793,114
"115","indiana",15,2012,61.3718411552347,1.80505415162455,0.0887731549979286,5,277,170,0.0491803278688525,0.245901639344262,3,259.564686722385,27.5862068965517,115
"116","kansas",16,2012,55.9471365638767,1.76211453744493,0.251730648206419,4,227,127,0.142857142857143,0.571428571428571,3,262.684529294752,11.4942528735632,116
"117","kentucky",17,2012,48.4567901234568,4.32098765432099,0.332383665716999,14,324,157,0.0769230769230769,1.07692307692308,3,306.533390183727,22.9885057471264,117
"118","louisiana",18,2012,60,5.33333333333333,0,8,150,90,0,0,3,265.674454576219,16.0919540229885,118
"119","massachusetts",19,2012,68.5975609756098,7.01219512195122,0.934959349593496,23,328,225,0.133333333333333,3.06666666666667,3,302.367032138385,73.5632183908046,119
"120","maryland",20,2012,49.4475138121547,5.80110497237569,0.634495856353591,21,362,179,0.109375,2.296875,3,378.89326123296,48.2758620689655,120
"121","maine",21,2012,33.6322869955157,5.82959641255605,1.54312846214719,13,223,75,0.264705882352941,3.44117647058824,3,256.647158319061,62.0689655172414,121
"122","michigan",22,2012,57.0552147239264,7.15746421267894,1.20405940026375,35,489,279,0.168224299065421,5.88785046728972,3,312.844116854542,11.4942528735632,122
"123","minnesota",23,2012,53.314121037464,4.61095100864553,0.626178532038282,16,347,185,0.135802469135802,2.17283950617284,3,247.70234567884,39.0804597701149,123
"124","missouri",24,2012,77.7385159010601,2.82685512367491,0.161534578495709,8,283,220,0.0571428571428571,0.457142857142857,3,359.339506352065,13.7931034482759,124
"125","mississippi",25,2012,68.141592920354,2.65486725663717,0.362027353177796,3,113,77,0.136363636363636,0.409090909090909,3,201.341893242312,4.59770114942529,125
"126","montana",26,2012,78.2608695652174,4.34782608695652,0.197628458498024,3,69,54,0.0454545454545455,0.136363636363636,3,168.302603254564,11.4942528735632,126
"127","north carolina",27,2012,41.8103448275862,4.74137931034483,0.307548928238583,22,464,194,0.0648648648648649,1.42702702702703,3,381.730552041285,16.0919540229885,127
"128","north dakota",28,2012,37.5,3.125,0.78125,2,64,24,0.25,0.5,3,242.886665328362,9.19540229885057,128
"129","nebraska",29,2012,78.0487804878049,4.0650406504065,1.49764655541292,5,123,96,0.368421052631579,1.84210526315789,3,51.5089245130605,13.7931034482759,129
"130","new hampshire",30,2012,59.3220338983051,15.9725991212802,0.241122429045113,5.31070620275757,59,35,0,-1.9262034451754,3,189.055752115769,71.264367816092,130
"131","new jersey",31,2012,56.5333333333333,5.06666666666667,0.502798982188295,19,375,212,0.099236641221374,1.88549618320611,3,314.379605886217,82.7586206896552,131
"132","new mexico",32,2012,78.0645161290323,6.45161290322581,0.889877641824249,10,155,121,0.137931034482759,1.37931034482759,3,239.771773952132,52.8735632183908,132
"133","nevada",33,2012,58.6206896551724,6.89655172413793,1.09717868338558,6,87,51,0.159090909090909,0.954545454545455,3,174.377753902412,66.6666666666667,133
"134","new york",34,2012,57.8778135048232,7.18113612004287,0.99911459061466,67,933,540,0.139130434782609,9.32173913043478,3,517.492015075138,71.264367816092,134
"135","ohio",35,2012,71.875,3.38541666666667,0.415752923976608,13,384,276,0.12280701754386,1.59649122807018,3,225.046548293253,2.29885057471264,135
"136","oklahoma",36,2012,56.8807339449541,7.79816513761468,0.992493744787323,17,218,124,0.127272727272727,2.16363636363636,3,285.150798901236,4.59770114942529,136
"137","oregon",37,2012,63.5593220338983,7.20338983050847,0.564971751412429,17,236,150,0.0784313725490196,1.33333333333333,3,237.208419081144,78.1609195402299,137
"138","pennsylvania",38,2012,56.1938958707361,7.00179533213645,1.57935233055709,39,557,313,0.225563909774436,8.79699248120301,3,263.571811619022,20.6896551724138,138
"139","rhode island",39,2012,65.0793650793651,4.76190476190476,0.680272108843537,3,63,41,0.142857142857143,0.428571428571429,3,270.032116551002,66.6666666666667,139
"140","south carolina",40,2012,53.921568627451,2.94117647058824,0.210084033613445,3,102,55,0.0714285714285714,0.214285714285714,3,219.768240743152,9.19540229885057,140
"141","south dakota",41,2012,76.1194029850746,2.98507462686567,0.33167495854063,2,67,51,0.111111111111111,0.222222222222222,3,150.2034909246,9.19540229885057,141
"142","tennessee",42,2012,65.6903765690377,3.34728033472803,0.167364016736402,8,239,157,0.05,0.4,3,314.730772728957,11.4942528735632,142
"143","texas",43,2012,53.9748953974895,3.97489539748954,0.381589958158996,19,478,258,0.096,1.824,3,325.795925491339,20.6896551724138,143
"144","utah",44,2012,50.5952380952381,5.95238095238095,0.763125763125763,10,168,85,0.128205128205128,1.28205128205128,3,264.210714712292,0,144
"145","virginia",45,2012,61.6379310344828,1.29310344827586,0.105559465165376,3,232,143,0.0816326530612245,0.244897959183673,3,304.474336728361,13.7931034482759,145
"146","vermont",46,2012,76.7441860465116,6.97674418604651,2.32558139534884,3,43,33,0.333333333333333,1,3,154.444005181935,71.264367816092,146
"147","washington",47,2012,54.7974413646055,2.98507462686567,0.346095608911962,14,469,257,0.115942028985507,1.6231884057971,3,251.940580072443,80.4597701149425,147
"148","wisconsin",48,2012,52.5222551928783,3.85756676557863,0.183693655503745,13,337,177,0.0476190476190476,0.619047619047619,3,359.301621562203,45.9770114942529,148
"149","west virginia",49,2012,73.1182795698925,3.2258064516129,0,3,93,68,0,0,3,285.488695858011,9.19540229885057,149
"150","wyoming",50,2012,87.037037037037,5.55555555555556,0.326797385620915,3,54,47,0.0588235294117647,0.176470588235294,3,157.660732769512,9.19540229885057,150
"151","alaska",1,2013,70.9677419354839,8.60215053763441,0,8,93,66,0,0,4,125.502793847089,8.60215053763441,151
"152","alabama",2,2013,56.4935064935065,9.09090909090909,0.34965034965035,14,154,87,0.0384615384615385,0.538461538461539,4,232.777201731013,6.45161290322581,152
"153","arkansas",3,2013,70.7865168539326,10.1123595505618,0.297422339722406,9,89,63,0.0294117647058824,0.264705882352941,4,188.551027599104,25.8064516129032,153
"154","arizona",4,2013,48.2428115015974,13.7380191693291,2.05529420643506,43,313,151,0.149606299212598,6.43307086614173,4,290.421344705873,25.8064516129032,154
"155","california",5,2013,57.9626047711154,21.4700193423598,3.24632594867295,333,1551,899,0.151202749140893,50.3505154639175,4,1291.75497715017,98.9247311827957,155
"156","colorado",6,2013,46.9262295081967,17.0081967213115,2.69436779743548,83,488,229,0.158415841584158,13.1485148514851,4,426.138060551197,88.1720430107527,156
"157","connecticut",7,2013,72.6415094339623,16.0377358490566,1.08730412535977,34,212,154,0.0677966101694915,2.30508474576271,4,266.94191731725,90.3225806451613,157
"158","delaware",8,2013,64.2857142857143,16.6666666666667,1.38888888888889,7,42,27,0.0833333333333333,0.583333333333333,4,123.736315590561,86.0215053763441,158
"159","florida",9,2013,48.0707395498392,13.5048231511254,1.64847606539559,84,622,299,0.122065727699531,10.2535211267606,4,482.341060395993,15.0537634408602,159
"160","georgia",10,2013,34.7222222222222,13.6111111111111,1.37640449438202,49,360,125,0.101123595505618,4.95505617977528,4,331.746221489023,15.0537634408602,160
"161","hawaii",11,2013,86.1788617886179,4.0650406504065,0,5,123,106,0,0,4,183.213162317767,75.2688172043011,161
"162","iowa",12,2013,63.1944444444444,6.25,0.78125,9,144,91,0.125,1.125,4,306.945119804471,75.2688172043011,162
"163","idaho",13,2013,59.8290598290598,8.54700854700855,0.683760683760684,10,117,70,0.08,0.8,4,271.537117550941,17.2043010752688,163
"164","illinois",14,2013,51.0769230769231,9.07692307692308,1.03000545553737,59,650,332,0.113475177304965,6.69503546099291,4,394.956380878925,79.5698924731183,164
"165","indiana",15,2013,61.0909090909091,7.27272727272727,0.357675111773472,20,275,168,0.0491803278688525,0.983606557377049,4,263.372508994574,27.9569892473118,165
"166","kansas",16,2013,57.1428571428571,7.61904761904762,1.08843537414966,16,210,120,0.142857142857143,2.28571428571429,4,230.329636780915,15.0537634408602,166
"167","kentucky",17,2013,47.8658536585366,7.92682926829268,0.609756097560976,26,328,157,0.0769230769230769,2,4,321.644529695866,23.6559139784946,167
"168","louisiana",18,2013,62.0481927710843,11.4457831325301,0,19,166,103,0,0,4,224.993391772935,15.0537634408602,168
"169","massachusetts",19,2013,68.9873417721519,19.620253164557,2.61603375527426,62,316,218,0.133333333333333,8.26666666666667,4,269.23742879345,83.8709677419355,169
"170","maryland",20,2013,46.3888888888889,12.7777777777778,1.39756944444444,46,360,167,0.109375,5.03125,4,393.648889871701,68.8172043010753,170
"171","maine",21,2013,32.4324324324324,9.00900900900901,2.38473767885533,20,222,72,0.264705882352941,5.29411764705882,4,263.376881458151,88.1720430107527,171
"172","michigan",22,2013,56.6462167689162,9.61145194274029,1.61687976606846,47,489,277,0.168224299065421,7.90654205607477,4,327.51631677334,10.752688172043,172
"173","minnesota",23,2013,50.2824858757062,9.88700564971751,1.34267977959127,35,354,178,0.135802469135802,4.75308641975309,4,377.230057602704,73.1182795698925,173
"174","missouri",24,2013,77.9069767441861,5.03875968992248,0.287929125138427,13,258,201,0.0571428571428571,0.742857142857143,4,290.214446689379,15.0537634408602,174
"175","mississippi",25,2013,70.2970297029703,14.8514851485149,2.02520252025203,15,101,71,0.136363636363636,2.04545454545455,4,184.890702894124,10.752688172043,175
"176","montana",26,2013,77.7777777777778,4.16666666666667,0.189393939393939,3,72,56,0.0454545454545455,0.136363636363636,4,242.120525617772,17.2043010752688,176
"177","north carolina",27,2013,41.3394919168591,11.0854503464203,0.719056238686724,48,433,179,0.0648648648648649,3.11351351351351,4,365.767741331405,21.505376344086,177
"178","north dakota",28,2013,33.8461538461538,10.7692307692308,2.69230769230769,7,65,22,0.25,1.75,4,161.154621850873,10.752688172043,178
"179","nebraska",29,2013,78.9473684210526,5.26315789473684,1.93905817174515,6,114,90,0.368421052631579,2.21052631578947,4,100.131852380989,19.3548387096774,179
"180","new hampshire",30,2013,65.4545454545455,3.63636363636364,0,2,55,36,0,0,4,346.168720878203,70.9677419354839,180
"181","new jersey",31,2013,57.5268817204301,15.0537634408602,1.49388492161208,56,372,214,0.099236641221374,5.55725190839695,4,373.357568248758,92.4731182795699,181
"182","new mexico",32,2013,78.4172661870504,17.2661870503597,2.38154304142893,24,139,109,0.137931034482759,3.31034482758621,4,184.139494496252,75.2688172043011,182
"183","nevada",33,2013,59.2592592592593,13.5802469135802,2.16049382716049,11,81,48,0.159090909090909,1.75,4,167.42018293341,70.9677419354839,183
"184","new york",34,2013,56.6850828729282,11.7127071823204,1.62959404275763,106,905,513,0.139130434782609,14.7478260869565,4,670.518511084003,68.8172043010753,184
"185","ohio",35,2013,72.4867724867725,6.34920634920635,0.779727095516569,24,378,274,0.12280701754386,2.94736842105263,4,241.57425306619,8.60215053763441,185
"186","oklahoma",36,2013,56.9506726457399,12.5560538116592,1.59804321239299,28,223,127,0.127272727272727,3.56363636363636,4,228.973030385941,6.45161290322581,186
"187","oregon",37,2013,61.3821138211382,13.4146341463415,1.05212816834051,33,246,151,0.0784313725490196,2.58823529411765,4,218.869146887216,96.7741935483871,187
"188","pennsylvania",38,2013,51.2059369202226,11.5027829313544,2.59461269128294,62,539,276,0.225563909774436,13.984962406015,4,242.168925944076,25.8064516129032,188
"189","rhode island",39,2013,69.3548387096774,14.5161290322581,2.07373271889401,9,62,43,0.142857142857143,1.28571428571429,4,155.900100595211,81.7204301075269,189
"190","south carolina",40,2013,54.0540540540541,7.20720720720721,0.514800514800515,8,111,60,0.0714285714285714,0.571428571428571,4,281.594847213482,10.752688172043,190
"191","south dakota",41,2013,74.6031746031746,4.76190476190476,0.529100529100529,3,63,47,0.111111111111111,0.333333333333333,4,171.531064371429,10.752688172043,191
"192","tennessee",42,2013,70.1357466063348,6.33484162895928,0.316742081447964,14,221,155,0.05,0.7,4,308.411457642844,10.752688172043,192
"193","texas",43,2013,54.880694143167,10.6290672451193,1.02039045553145,49,461,253,0.096,4.704,4,294.962736065343,21.505376344086,193
"194","utah",44,2013,49.1228070175439,19.2982456140351,2.47413405308142,33,171,84,0.128205128205128,4.23076923076923,4,202.870360945579,0,194
"195","virginia",45,2013,60.6194690265487,8.4070796460177,0.686292216001445,19,226,137,0.0816326530612245,1.55102040816327,4,182.929679177444,15.0537634408602,195
"196","vermont",46,2013,79.5454545454545,2.27272727272727,0.757575757575757,1,44,35,0.333333333333333,0.333333333333333,4,75.0022988410332,83.8709677419355,196
"197","washington",47,2013,55.8758314855876,7.98226164079823,0.925479610527331,36,451,252,0.115942028985507,4.17391304347826,4,297.376544493588,90.3225806451613,197
"198","wisconsin",48,2013,52.2012578616352,9.74842767295597,0.464210841569332,31,318,166,0.0476190476190476,1.47619047619048,4,344.135080841584,53.763440860215,198
"199","west virginia",49,2013,72.2772277227723,10.8910891089109,0,11,101,73,0,0,4,185.594384323711,15.0537634408602,199
"200","wyoming",50,2013,84.9056603773585,5.66037735849057,0.332963374028857,3,53,45,0.0588235294117647,0.176470588235294,4,263.36139533185,12.9032258064516,200
"201","alaska",1,2014,72.6637582062221,10.989010989011,0,10,91,76.0272161999378,0,0,5,176.5377615864,2.29885057471264,201
"202","alabama",2,2014,64.9994380242335,12.5,0.480769230769231,18,144,77.1458999313938,0.0384615384615385,0.692307692307692,5,205.088530749708,0,202
"203","arkansas",3,2014,56.3669142423627,14.8148148148148,0.435729847494553,12,81,40.6649451142442,0.0294117647058824,0.352941176470588,5,207.127500989259,20.6896551724138,203
"204","arizona",4,2014,43.2124097559891,21.4511041009464,3.20922029856678,68,317,121.334331193471,0.149606299212598,10.1732283464567,5,269.113626491978,20.6896551724138,204
"205","california",5,2014,50.2397558572238,21.8707015130674,3.30691019441569,318,1454,709.251534588976,0.151202749140893,48.0824742268041,5,1286.84943429037,98.8505747126437,205
"206","colorado",6,2014,62.9571058175274,19.6902654867257,3.11924997809515,89,452,225.564574666879,0.158415841584158,14.0990099009901,5,345.925285373557,89.6551724137931,206
"207","connecticut",7,2014,49.5789481779405,21.078431372549,1.42904619474909,43,204,91.6452017028288,0.0677966101694915,2.91525423728814,5,306.815823555707,89.6551724137931,207
"208","delaware",8,2014,48.2657421239862,30.7692307692308,2.56410256410256,12,39,14.3303378428896,0.0833333333333333,1,5,-68.4840676452887,85.0574712643678,208
"209","florida",9,2014,62.6804376808031,21.765601217656,2.65683395145097,143,657,337.83106462029,0.122065727699531,17.4553990610329,5,603.239593672488,9.19540229885057,209
"210","georgia",10,2014,52.5741012099415,19.5467422096317,1.97663685265939,69,353,178.686820853234,0.101123595505618,6.97752808988764,5,322.10103141849,9.19540229885057,210
"211","hawaii",11,2014,97.809089572117,7.34463276836158,0,13,177,161.572531063672,0,0,5,301.119714264827,73.5632183908046,211
"212","iowa",12,2014,79.0215279251005,5.92105263157895,0.740131578947368,9,152,128.975219393593,0.125,1.125,5,288.619303223782,73.5632183908046,212
"213","idaho",13,2014,69.0585963208786,14.4,1.152,18,125,63.7424602432693,0.08,1.44,5,188.791675461794,11.4942528735632,213
"214","illinois",14,2014,48.7123105923475,12.9032258064516,1.46419583619309,88,682,361.533002392134,0.113475177304965,9.98581560283688,5,470.764091434361,80.4597701149425,214
"215","indiana",15,2014,62.7170286677551,6.31970260223048,0.310805046011335,17,269,202.346727407912,0.0491803278688525,0.836065573770492,5,283.682530013423,48.2758620689655,215
"216","kansas",16,2014,53.5793809465175,14.2156862745098,2.03081232492997,29,204,89.5058056532986,0.142857142857143,4.14285714285714,5,199.573300544859,9.19540229885057,216
"217","kentucky",17,2014,69.2955554590699,16.1383285302594,1.24140988694303,56,347,222.857789079089,0.0769230769230769,4.30769230769231,5,294.520009053756,18.3908045977011,217
"218","louisiana",18,2014,81.8635850295704,15.0943396226415,0,24,159,141.818947627182,0,0,5,148.46021804466,9.19540229885057,218
"219","massachusetts",19,2014,41.6499707640197,23.0088495575221,3.06784660766962,78,339,149.982095910129,0.133333333333333,10.4,5,335.00388865436,82.7586206896552,219
"220","maryland",20,2014,63.3057206633703,16,1.75,60,375,186.675615206867,0.109375,6.5625,5,347.728790578277,73.5632183908046,220
"221","maine",21,2014,61.4247807714652,13.7777777777778,3.64705882352941,31,225,158.754281442008,0.264705882352941,8.20588235294118,5,273.323038910259,94.2528735632184,221
"222","michigan",22,2014,43.5368435248143,15.0627615062762,2.5339224963829,72,478,256.884981631026,0.168224299065421,12.1121495327103,5,366.596578464866,4.59770114942529,222
"223","minnesota",23,2014,41.1741893871099,15.1761517615176,2.06095888119375,56,369,156.576781584653,0.135802469135802,7.60493827160494,5,388.126892927793,71.264367816092,223
"224","missouri",24,2014,61.5426965627799,8.23970037453183,0.470840021401819,22,267,168.569630037095,0.0571428571428571,1.25714285714286,5,322.516573057754,13.7931034482759,224
"225","mississippi",25,2014,79.0406619582101,10.4166666666667,1.42045454545455,10,96,87.5153032021566,0.136363636363636,1.36363636363636,5,167.144205922743,4.59770114942529,225
"226","montana",26,2014,80.9730518824007,7.2463768115942,0.329380764163373,5,69,112.92148923863,0.0454545454545455,0.227272727272727,5,226.775389985104,11.4942528735632,226
"227","north carolina",27,2014,45.7955313391382,17.2018348623853,1.11579469377635,75,436,203.096637667191,0.0648648648648649,4.86486486486486,5,434.758758854436,16.0919540229885,227
"228","north dakota",28,2014,58.9977230035027,16.4179104477612,4.1044776119403,11,67,-5.09299927942718,0.25,2.75,5,127.89073546795,4.59770114942529,228
"229","nebraska",29,2014,38.6886691248267,12.3893805309735,4.56450861667443,14,113,10.234161102235,0.368421052631579,5.15789473684211,5,94.1785436398869,13.7931034482759,229
"230","new hampshire",30,2014,53.6776150076964,8.33333333333333,0,4,48,4.26773703560789,0,0,5,236.169040426731,68.9655172413793,230
"231","new jersey",31,2014,36.6702231877273,19.3370165745856,1.91894057610392,70,362,133.053032391728,0.099236641221374,6.94656488549618,5,391.20990333787,91.9540229885057,231
"232","new mexico",32,2014,54.8880675313375,28.2258064516129,3.89321468298109,35,124,68.7723786520097,0.137931034482759,4.82758620689655,5,55.4514649588763,73.5632183908046,232
"233","nevada",33,2014,56.6191775300947,15.5844155844156,2.47933884297521,12,77,35.8689787090655,0.159090909090909,1.90909090909091,5,61.5400360634227,71.264367816092,233
"234","new york",34,2014,49.0276617565872,15.1871657754011,2.11299697744711,142,935,492.930197473997,0.139130434782609,19.7565217391304,5,612.233038898453,66.6666666666667,234
"235","ohio",35,2014,59.4483601072592,12.1693121693122,1.49447693307342,46,378,217.163711174237,0.12280701754386,5.64912280701754,5,402.132422644033,2.29885057471264,235
"236","oklahoma",36,2014,34.2311865524303,15.4205607476636,1.96261682242991,33,214,80.2688140168631,0.127272727272727,4.2,5,231.665257409441,29.8850574712644,236
"237","oregon",37,2014,63.2777102034737,16.3179916317992,1.27984248092542,39,239,154.554418985859,0.0784313725490196,3.05882352941176,5,321.061548662381,98.8505747126437,237
"238","pennsylvania",38,2014,68.9119996572011,17.0955882352941,3.85614772224679,93,544,322.468700091287,0.225563909774436,20.9774436090226,5,335.834989285504,48.2758620689655,238
"239","rhode island",39,2014,64.8256733681229,13.1147540983607,1.87353629976581,8,61,18.4990900477228,0.142857142857143,1.14285714285714,5,149.538808785621,80.4597701149425,239
"240","south carolina",40,2014,63.0370337302618,10.9090909090909,0.779220779220779,12,110,58.123541459754,0.0714285714285714,0.857142857142857,5,230.644830959377,4.59770114942529,240
"241","south dakota",41,2014,53.839422684331,12.8571428571429,1.42857142857143,9,70,40.0563878198767,0.111111111111111,1,5,127.727479838386,4.59770114942529,241
"242","tennessee",42,2014,47.3433427830878,9.85915492957746,0.492957746478873,21,213,82.8402026816401,0.05,1.05,5,293.122807347256,4.59770114942529,242
"243","texas",43,2014,58.9606064733955,15.8333333333333,1.52,76,480,259.75211618814,0.096,7.296,5,446.425574572205,16.0919540229885,243
"244","utah",44,2014,52.4734790846168,25.2808988764045,3.24114088159032,45,178,79.2006049101438,0.128205128205128,5.76923076923077,5,156.622704673959,16.0919540229885,244
"245","virginia",45,2014,49.2756033956826,8.52017937219731,0.695524846709984,19,223,124.497067460025,0.0816326530612245,1.55102040816327,5,256.452505092392,39.0804597701149,245
"246","vermont",46,2014,72.2389488638597,10.6382978723404,3.54609929078014,5,47,40.8559345071095,0.333333333333333,1.66666666666667,5,116.49978330946,89.6551724137931,246
"247","washington",47,2014,62.3702818789224,12.4434389140271,1.44271755524952,55,442,228.021178219056,0.115942028985507,6.3768115942029,5,347.851076101532,89.6551724137931,247
"248","wisconsin",48,2014,39.7273759428449,14.6579804560261,0.697999069334574,45,307,100.469760937515,0.0476190476190476,2.14285714285714,5,372.402136229474,73.5632183908046,248
"249","west virginia",49,2014,63.6588996336639,16.1904761904762,0,17,105,68.919673897638,0,0,5,165.265152826583,9.19540229885057,249
"250","wyoming",50,2014,72.9311902651181,15,0.882352941176471,9,60,49.488001710346,0.0588235294117647,0.529411764705882,5,126.395899126739,6.89655172413793,250
"251","alaska",1,2015,70.4545454545455,15.9090909090909,0,14,88,62,0,0,6,193.896463248408,11.3924050632911,251
"252","alabama",2,2015,58.273381294964,13.6690647482014,0.525733259546209,19,139,81,0.0384615384615385,0.730769230769231,6,188.816274111032,0,252
"253","arkansas",3,2015,63.1578947368421,10.5263157894737,0.309597523219814,8,76,48,0.0294117647058824,0.235294117647059,6,184.423874745336,8.86075949367089,253
"254","arizona",4,2015,45.1612903225806,17.0087976539589,2.54462327106472,58,341,154,0.149606299212598,8.67716535433071,6,282.792599379365,12.0253164556962,254
"255","california",5,2015,56.1829878484632,24.0171551107934,3.63145987929523,336,1399,786,0.151202749140893,50.8041237113402,6,1332.74587932627,76.5822784810127,255
"256","colorado",6,2015,42.6799007444169,22.3325062034739,3.53782276490676,90,403,172,0.158415841584158,14.2574257425743,6,409.853698664417,60.126582278481,256
"257","connecticut",7,2015,73.0232558139535,22.7906976744186,1.5451320457233,49,215,157,0.0677966101694915,3.32203389830508,6,221.926839864416,62.0253164556962,257
"258","delaware",8,2015,60.5263157894737,23.6842105263158,1.97368421052632,9,38,23,0.0833333333333333,0.75,6,52.8949022516213,40.5063291139241,258
"259","florida",9,2015,43.1988041853513,22.5710014947683,2.75514572236608,151,669,289,0.122065727699531,18.4319248826291,6,650.656015499259,17.0886075949367,259
"260","georgia",10,2015,36.6459627329193,16.7701863354037,1.69586153953521,54,322,118,0.101123595505618,5.46067415730337,6,350.794646691106,3.79746835443038,260
"261","hawaii",11,2015,88.7573964497041,8.87573964497041,0,15,169,150,0,0,6,272.104687679545,41.7721518987342,261
"262","iowa",12,2015,64.9006622516556,7.28476821192053,0.910596026490066,11,151,98,0.125,1.375,6,240.685384343881,35.4430379746835,262
"263","idaho",13,2015,52.2727272727273,18.9393939393939,1.51515151515152,25,132,69,0.08,2,6,147.871595683772,12.0253164556962,263
"264","illinois",14,2015,49.8470948012232,14.2201834862385,1.61363784241005,93,654,326,0.113475177304965,10.5531914893617,6,540.975661542266,56.3291139240506,264
"265","indiana",15,2015,60.0760456273764,10.6463878326996,0.523592844231129,28,263,158,0.0491803278688525,1.37704918032787,6,309.245452017541,15.1898734177215,265
"266","kansas",16,2015,54.3269230769231,16.8269230769231,2.40384615384615,35,208,113,0.142857142857143,5,6,162.248272222926,13.9240506329114,266
"267","kentucky",17,2015,47.9041916167665,15.5688622754491,1.19760479041916,52,334,160,0.0769230769230769,4,6,342.267827807117,11.3924050632911,267
"268","louisiana",18,2015,56.6037735849057,13.8364779874214,0,22,159,90,0,0,6,250.858077376918,2.53164556962025,268
"269","massachusetts",19,2015,66.3551401869159,26.4797507788162,3.53063343717549,85,321,213,0.133333333333333,11.3333333333333,6,292.574436347319,61.3924050632911,269
"270","maryland",20,2015,44.5026178010471,18.0628272251309,1.97562172774869,69,382,170,0.109375,7.546875,6,394.027880853281,48.1012658227848,270
"271","maine",21,2015,31.25,12.5,3.30882352941176,26,208,65,0.264705882352941,6.88235294117647,6,159.914541952829,55.6962025316456,271
"272","michigan",22,2015,57.451403887689,15.9827213822894,2.68868210169355,74,463,266,0.168224299065421,12.4485981308411,6,333.833015119355,3.79746835443038,272
"273","minnesota",23,2015,45.4545454545455,13.0681818181818,1.77469135802469,46,352,160,0.135802469135802,6.24691358024691,6,282.821760653658,48.1012658227848,273
"274","missouri",24,2015,76.9811320754717,7.92452830188679,0.452830188679245,21,265,204,0.0571428571428571,1.2,6,322.513779627537,6.32911392405063,274
"275","mississippi",25,2015,65.6565656565657,17.1717171717172,2.34159779614325,17,99,65,0.136363636363636,2.31818181818182,6,186.410622820787,2.53164556962025,275
"276","montana",26,2015,83.3333333333333,16.6666666666667,0.757575757575758,11,66,55,0.0454545454545455,0.5,6,29.9531547060132,7.59493670886076,276
"277","north carolina",27,2015,42.7272727272727,16.5909090909091,1.07616707616708,73,440,188,0.0648648648648649,4.73513513513514,6,435.535857596679,10.126582278481,277
"278","north dakota",28,2015,35.9375,14.0625,3.515625,9,64,23,0.25,2.25,6,222.602335394459,6.32911392405063,278
"279","nebraska",29,2015,69.6969696969697,10.6060606060606,3.90749601275917,14,132,92,0.368421052631579,5.15789473684211,6,97.4820726469669,8.22784810126582,279
"280","new hampshire",30,2015,51.7241379310345,5.17241379310345,0,3,58,30,0,0,6,327.387512535644,27.8481012658228,280
"281","new jersey",31,2015,54.9071618037135,23.342175066313,2.31639905238221,88,377,207,0.099236641221374,8.73282442748092,6,388.900688435729,64.5569620253165,281
"282","new mexico",32,2015,61.6352201257862,26.4150943396226,3.64346128822381,42,159,98,0.137931034482759,5.79310344827586,6,148.467495781173,41.7721518987342,282
"283","nevada",33,2015,55.6962025316456,21.5189873417722,3.4234752589183,17,79,44,0.159090909090909,2.70454545454545,6,91.630153206297,47.4683544303797,283
"284","new york",34,2015,53.1631520532741,16.5371809100999,2.30082517010085,149,901,479,0.139130434782609,20.7304347826087,6,704.536373648972,51.2658227848101,284
"285","ohio",35,2015,67.5675675675676,10.8108108108108,1.32764343290659,40,370,250,0.12280701754386,4.91228070175439,6,254.389569616393,13.2911392405063,285
"286","oklahoma",36,2015,55.7692307692308,17.3076923076923,2.2027972027972,36,208,116,0.127272727272727,4.58181818181818,6,195.327078628231,6.32911392405063,286
"287","oregon",37,2015,60.337552742616,16.0337552742616,1.25754943327542,38,237,143,0.0784313725490196,2.98039215686275,6,261.73034156629,74.6835443037975,287
"288","pennsylvania",38,2015,49.5219885277247,19.3116634799235,4.35601431877974,101,523,259,0.225563909774436,22.781954887218,6,419.633863473931,17.7215189873418,288
"289","rhode island",39,2015,53.1914893617021,19.1489361702128,2.73556231003039,9,47,25,0.142857142857143,1.28571428571429,6,116.593798583044,58.2278481012658,289
"290","south carolina",40,2015,53.2110091743119,10.0917431192661,0.72083879423329,11,109,58,0.0714285714285714,0.785714285714286,6,100.340718199193,3.79746835443038,290
"291","south dakota",41,2015,78.5714285714286,20,2.22222222222222,14,70,55,0.111111111111111,1.55555555555556,6,78.2536443877542,8.86075949367089,291
"292","tennessee",42,2015,63.4361233480176,9.2511013215859,0.462555066079295,21,227,144,0.05,1.05,6,217.602654253873,1.26582278481013,292
"293","texas",43,2015,51.5837104072398,17.6470588235294,1.69411764705882,78,442,228,0.096,7.488,6,398.075360300928,10.126582278481,293
"294","utah",44,2015,44.0217391304348,22.2826086956522,2.85674470457079,41,184,81,0.128205128205128,5.25641025641026,6,187.891468848177,22.7848101265823,294
"295","virginia",45,2015,61.7391304347826,9.1304347826087,0.745341614906832,21,230,142,0.0816326530612245,1.71428571428571,6,269.55050538233,6.32911392405063,295
"296","vermont",46,2015,84.0909090909091,6.81818181818182,2.27272727272727,3,44,37,0.333333333333333,1,6,7.43170832971964,66.4556962025316,296
"297","washington",47,2015,51.6746411483254,13.1578947368421,1.5255530129672,55,418,216,0.115942028985507,6.3768115942029,6,453.609043849863,64.5569620253165,297
"298","wisconsin",48,2015,53.8194444444444,13.1944444444444,0.628306878306878,38,288,155,0.0476190476190476,1.80952380952381,6,329.605487063822,29.746835443038,298
"299","west virginia",49,2015,68.9320388349515,17.4757281553398,0,18,103,71,0,0,6,93.3130345001146,13.9240506329114,299
"300","wyoming",50,2015,81.3559322033898,10.1694915254237,0.598205383848455,6,59,48,0.0588235294117647,0.352941176470588,6,174.172803308938,8.86075949367089,300
"301","alaska",1,2016,74.468085106383,13.8297872340426,0,13,94,70,0,0,7,213.350881964226,12.987012987013,301
"302","alabama",2,2016,58.0882352941177,14.7058823529412,0.565610859728507,20,136,79,0.0384615384615385,0.769230769230769,7,231.367998327506,0,302
"303","arkansas",3,2016,52.212389380531,13.2743362831858,0.390421655387819,15,113,59,0.0294117647058824,0.441176470588235,7,186.351982642606,6.49350649350649,303
"304","arizona",4,2016,43.2960893854749,19.5530726256983,2.92526283376589,70,358,155,0.149606299212598,10.4724409448819,7,338.759567528056,8.44155844155844,304
"305","california",5,2016,51.1188811188811,24.7552447552448,3.74306106264869,354,1430,731,0.151202749140893,53.5257731958763,7,1364.23971373207,78.5714285714286,305
"306","colorado",6,2016,46.1152882205514,20.5513784461153,3.25566391225589,82,399,184,0.158415841584158,12.990099009901,7,396.544254312634,59.0909090909091,306
"307","connecticut",7,2016,74.5535714285714,24.1071428571429,1.63438256658596,54,224,167,0.0677966101694915,3.66101694915254,7,241.727250172446,62.3376623376623,307
"308","delaware",8,2016,53.1914893617021,25.531914893617,2.12765957446809,12,47,25,0.0833333333333333,1,7,-41.7771798082592,41.5584415584416,308
"309","florida",9,2016,40.6424581005587,22.2067039106145,2.71067747265717,159,716,291,0.122065727699531,19.4084507042254,7,719.3002222083,17.5324675324675,309
"310","georgia",10,2016,32.1656050955414,16.8789808917197,1.70686323624132,53,314,101,0.101123595505618,5.35955056179775,7,295.333441220881,1.2987012987013,310
"311","hawaii",11,2016,89.6551724137931,10.9195402298851,0,19,174,156,0,0,7,275.928220278126,40.2597402597403,311
"312","iowa",12,2016,62.5766871165644,7.97546012269939,0.996932515337423,13,163,102,0.125,1.625,7,262.591663931276,33.7662337662338,312
"313","idaho",13,2016,51.7482517482517,20.979020979021,1.67832167832168,30,143,74,0.08,2.4,7,240.464380999121,9.74025974025974,313
"314","illinois",14,2016,47.2592592592593,12.8888888888889,1.46256895193065,87,675,319,0.113475177304965,9.87234042553191,7,551.478978245568,57.7922077922078,314
"315","indiana",15,2016,55.4716981132075,10.5660377358491,0.519641200123724,28,265,147,0.0491803278688525,1.37704918032787,7,308.884749135181,14.9350649350649,315
"316","kansas",16,2016,52.7363184079602,14.9253731343284,2.13219616204691,30,201,106,0.142857142857143,4.28571428571429,7,153.805245269532,11.6883116883117,316
"317","kentucky",17,2016,42.6997245179063,13.4986225895317,1.03835558381013,49,363,155,0.0769230769230769,3.76923076923077,7,338.982026433956,11.6883116883117,317
"318","louisiana",18,2016,57.3248407643312,13.3757961783439,0,21,157,90,0,0,7,285.536916966794,2.5974025974026,318
"319","massachusetts",19,2016,61.4084507042253,26.4788732394366,3.53051643192488,94,355,218,0.133333333333333,12.5333333333333,7,298.666681921368,67.5324675324675,319
"320","maryland",20,2016,36.81592039801,22.8855721393035,2.50310945273632,92,402,148,0.109375,10.0625,7,461.670051699814,57.1428571428571,320
"321","maine",21,2016,29.2576419213974,17.9039301310044,4.73927562291292,41,229,67,0.264705882352941,10.8529411764706,7,199.236547533954,54.5454545454545,321
"322","michigan",22,2016,54.9060542797495,15.4488517745303,2.59887226113593,74,479,263,0.168224299065421,12.4485981308411,7,365.21507998026,7.79220779220779,322
"323","minnesota",23,2016,40.5405405405405,14.8648648648649,2.01868535201869,55,370,150,0.135802469135802,7.46913580246914,7,350.161892175228,56.4935064935065,323
"324","missouri",24,2016,76.2237762237762,8.74125874125874,0.4995004995005,25,286,218,0.0571428571428571,1.42857142857143,7,279.88973406269,3.8961038961039,324
"325","mississippi",25,2016,65.2631578947368,13.6842105263158,1.86602870813397,13,95,62,0.136363636363636,1.77272727272727,7,158.083071263482,3.8961038961039,325
"326","montana",26,2016,81.25,18.75,0.852272727272727,12,64,52,0.0454545454545455,0.545454545454545,7,84.640582662766,7.79220779220779,326
"327","north carolina",27,2016,38.0368098159509,21.4723926380368,1.39280384679158,105,489,186,0.0648648648648649,6.81081081081081,7,548.045768896021,7.79220779220779,327
"328","north dakota",28,2016,35,8.33333333333333,2.08333333333333,5,60,21,0.25,1.25,7,201.490379924298,3.8961038961039,328
"329","nebraska",29,2016,69.1176470588235,8.82352941176471,3.25077399380805,12,136,94,0.368421052631579,4.42105263157895,7,66.2624802230124,5.84415584415584,329
"330","new hampshire",30,2016,45.3125,6.25,0,4,64,29,0,0,7,310.818636751683,25.974025974026,330
"331","new jersey",31,2016,50.9433962264151,25.3369272237197,2.51435155655233,94,371,189,0.099236641221374,9.32824427480916,7,351.139271232277,63.6363636363636,331
"332","new mexico",32,2016,58.4415584415584,27.9220779220779,3.8513210927004,43,154,90,0.137931034482759,5.93103448275862,7,118.079634391084,40.2597402597403,332
"333","nevada",33,2016,52.5,27.5,4.375,22,80,42,0.159090909090909,3.5,7,80.6109500650741,46.1038961038961,333
"334","new york",34,2016,51.8438177874187,17.6789587852495,2.45968122229558,163,922,478,0.139130434782609,22.6782608695652,7,723.445272864959,62.987012987013,334
"335","ohio",35,2016,70.1970443349754,9.11330049261084,1.11917725347852,37,406,285,0.12280701754386,4.54385964912281,7,293.694496307378,11.038961038961,335
"336","oklahoma",36,2016,57.3529411764706,23.0392156862745,2.93226381461676,47,204,117,0.127272727272727,5.98181818181818,7,225.404896943461,3.8961038961039,336
"337","oregon",37,2016,53.3632286995516,14.7982062780269,1.16064362964917,33,223,119,0.0784313725490196,2.58823529411765,7,303.373673911931,72.7272727272727,337
"338","pennsylvania",38,2016,47.1590909090909,19.6969696969697,4.44292549555707,104,528,249,0.225563909774436,23.4586466165414,7,423.70260877984,18.1818181818182,338
"339","rhode island",39,2016,48.0769230769231,17.3076923076923,2.47252747252747,9,52,25,0.142857142857143,1.28571428571429,7,90.9982470635531,70.1298701298701,339
"340","south carolina",40,2016,53.5087719298246,8.7719298245614,0.6265664160401,10,114,61,0.0714285714285714,0.714285714285714,7,181.935854027981,3.8961038961039,340
"341","south dakota",41,2016,77.4193548387097,16.1290322580645,1.7921146953405,10,62,48,0.111111111111111,1.11111111111111,7,0.831729714846972,6.49350649350649,341
"342","tennessee",42,2016,62.5550660792952,10.1321585903084,0.506607929515419,23,227,142,0.05,1.15,7,303.548471404574,1.2987012987013,342
"343","texas",43,2016,50.2049180327869,17.6229508196721,1.69180327868852,86,488,245,0.096,8.256,7,448.724952583553,10.3896103896104,343
"344","utah",44,2016,34.0425531914894,23.4042553191489,3.00054555373704,55,235,80,0.128205128205128,7.05128205128205,7,185.867001640263,20.7792207792208,344
"345","virginia",45,2016,57.6419213973799,9.60698689956332,0.784243828535781,22,229,132,0.0816326530612245,1.79591836734694,7,248.588957039972,6.49350649350649,345
"346","vermont",46,2016,82.6086956521739,6.52173913043478,2.17391304347826,3,46,38,0.333333333333333,1,7,171.281005794128,73.3766233766234,346
"347","washington",47,2016,46.9626168224299,11.4485981308411,1.32737369632941,49,428,201,0.115942028985507,5.68115942028986,7,268.77597016123,68.8311688311688,347
"348","wisconsin",48,2016,50.7142857142857,13.5714285714286,0.64625850340136,38,280,142,0.0476190476190476,1.80952380952381,7,329.695022751128,27.9220779220779,348
"349","west virginia",49,2016,64.1509433962264,19.811320754717,0,21,106,68,0,0,7,99.5620358075132,11.6883116883117,349
"350","wyoming",50,2016,79.3103448275862,12.0689655172414,0.709939148073022,7,58,46,0.0588235294117647,0.411764705882353,7,94.5261980188054,6.49350649350649,350
"351","alaska",1,2017,73.0337078651685,10.1123595505618,0,9,89,65,0,0,8,193.253643220493,17.0731707317073,351
"352","alabama",2,2017,61.2403100775194,17.8294573643411,0.685748360166965,23,129,79,0.0384615384615385,0.884615384615385,8,185.036418842499,0,352
"353","arkansas",3,2017,60.1694915254237,10.1694915254237,0.299102691924227,12,118,71,0.0294117647058824,0.352941176470588,8,241.43409938057,7.31707317073171,353
"354","arizona",4,2017,41.3489736070381,21.1143695014663,3.15884268132173,72,341,141,0.149606299212598,10.7716535433071,8,340.560355032009,13.4146341463415,354
"355","california",5,2017,52.0976353928299,27.0785659801678,4.09435361899444,355,1311,683,0.151202749140893,53.6769759450172,8,1339.58433656965,84.1463414634146,355
"356","colorado",6,2017,50.6561679790026,21.5223097112861,3.40947480574829,82,381,193,0.158415841584158,12.990099009901,8,325.667143089319,62.1951219512195,356
"357","connecticut",7,2017,72.3809523809524,21.9047619047619,1.48506860371267,46,210,152,0.0677966101694915,3.11864406779661,8,235.622799466762,73.1707317073171,357
"358","delaware",8,2017,47.0588235294118,14.7058823529412,1.22549019607843,5,34,16,0.0833333333333333,0.416666666666667,8,117.146466250384,50,358
"359","florida",9,2017,41.6167664670659,22.4550898203593,2.74099687948048,150,668,278,0.122065727699531,18.3098591549296,8,570.980768761608,18.2926829268293,359
"360","georgia",10,2017,34.9315068493151,21.9178082191781,2.21640757272587,64,292,102,0.101123595505618,6.47191011235955,8,278.386312336913,2.4390243902439,360
"361","hawaii",11,2017,87.5,11.3095238095238,0,19,168,147,0,0,8,261.990610740087,53.6585365853659,361
"362","iowa",12,2017,65.6441717791411,8.58895705521472,1.07361963190184,14,163,107,0.125,1.75,8,228.299175775304,37.8048780487805,362
"363","idaho",13,2017,46.7741935483871,21.7741935483871,1.74193548387097,27,124,58,0.08,2.16,8,80.6429281428191,9.75609756097561,363
"364","illinois",14,2017,49.4470774091627,15.4818325434439,1.75680369287307,98,633,313,0.113475177304965,11.1205673758865,8,593.595717703781,68.2926829268293,364
"365","indiana",15,2017,61.3114754098361,11.1475409836066,0.548239720505241,34,305,187,0.0491803278688525,1.67213114754098,8,214.263302983374,20.7317073170732,365
"366","kansas",16,2017,57.1428571428571,16.4835164835165,2.35478806907378,30,182,104,0.142857142857143,4.28571428571429,8,207.60799323285,15.2439024390244,366
"367","kentucky",17,2017,42.3398328690808,14.7632311977716,1.13563316905935,53,359,152,0.0769230769230769,4.07692307692308,8,337.439438060963,20.7317073170732,367
"368","louisiana",18,2017,55.1470588235294,13.9705882352941,0,19,136,75,0,0,8,308.901896773096,7.31707317073171,368
"369","massachusetts",19,2017,65.8119658119658,25.9259259259259,3.45679012345679,91,351,231,0.133333333333333,12.1333333333333,8,292.641751903587,70.7317073170732,369
"370","maryland",20,2017,36.6925064599483,22.4806201550388,2.45881782945736,87,387,142,0.109375,9.515625,8,484.436951266845,62.1951219512195,370
"371","maine",21,2017,40.7035175879397,16.0804020100502,4.25657700266036,32,199,81,0.264705882352941,8.47058823529412,8,217.473357650295,53.6585365853659,371
"372","michigan",22,2017,55.7017543859649,16.6666666666667,2.80373831775701,76,456,254,0.168224299065421,12.785046728972,8,275.52882652937,14.6341463414634,372
"373","minnesota",23,2017,45.2247191011236,14.8876404494382,2.02177833263976,53,356,161,0.135802469135802,7.19753086419753,8,278.025977910023,59.7560975609756,373
"374","missouri",24,2017,78.988326848249,9.33852140077821,0.533629794330183,24,257,203,0.0571428571428571,1.37142857142857,8,217.80430480668,14.6341463414634,374
"375","mississippi",25,2017,67.4157303370787,17.9775280898876,2.4514811031665,16,89,60,0.136363636363636,2.18181818181818,8,128.610829910249,4.8780487804878,375
"376","montana",26,2017,71.4285714285714,11.4285714285714,0.519480519480519,8,70,50,0.0454545454545455,0.363636363636364,8,164.067050901267,12.1951219512195,376
"377","north carolina",27,2017,40.4661016949153,21.3983050847458,1.38799816765918,101,472,191,0.0648648648648649,6.55135135135135,8,562.685586809333,16.4634146341463,377
"378","north dakota",28,2017,36.6197183098592,9.85915492957746,2.46478873239437,7,71,26,0.25,1.75,8,221.252443070538,7.31707317073171,378
"379","nebraska",29,2017,70.4,12,4.42105263157895,15,125,88,0.368421052631579,5.52631578947368,8,92.5597878833226,4.8780487804878,379
"380","new hampshire",30,2017,43.2835820895522,4.47761194029851,0,3,67,29,0,0,8,249.401310685238,28.0487804878049,380
"381","new jersey",31,2017,52.3255813953488,27.906976744186,2.76939463873602,96,344,180,0.099236641221374,9.52671755725191,8,387.090695439019,71.9512195121951,381
"382","new mexico",32,2017,66.9117647058823,28.6764705882353,3.9553752535497,39,136,91,0.137931034482759,5.37931034482759,8,70.8690525976244,48.780487804878,382
"383","nevada",33,2017,57.1428571428571,36.3636363636364,5.78512396694215,28,77,44,0.159090909090909,4.45454545454545,8,-18.834705423651,59.7560975609756,383
"384","new york",34,2017,51.4251781472684,18.5273159144893,2.57771351853764,156,842,433,0.139130434782609,21.704347826087,8,740.684798474356,68.2926829268293,384
"385","ohio",35,2017,67.9706601466993,9.7799511002445,1.20104662634582,40,409,278,0.12280701754386,4.91228070175439,8,205.406356540785,12.1951219512195,385
"386","oklahoma",36,2017,61.7801047120419,24.0837696335079,3.06520704426464,46,191,118,0.127272727272727,5.85454545454545,8,216.27413981858,7.31707317073171,386
"387","oregon",37,2017,56.1946902654867,19.9115044247788,1.56168662155128,45,226,127,0.0784313725490196,3.52941176470588,8,288.567400507106,75.609756097561,387
"388","pennsylvania",38,2017,51.99203187251,19.5219123505976,4.40343887607465,98,502,261,0.225563909774436,22.1052631578947,8,329.275496462689,32.9268292682927,388
"389","rhode island",39,2017,41.6666666666667,16.6666666666667,2.38095238095238,8,48,20,0.142857142857143,1.14285714285714,8,212.118191933673,78.0487804878049,389
"390","south carolina",40,2017,56.4814814814815,6.48148148148148,0.462962962962963,7,108,61,0.0714285714285714,0.5,8,259.279452572753,6.09756097560976,390
"391","south dakota",41,2017,82.7586206896552,18.9655172413793,2.10727969348659,11,58,48,0.111111111111111,1.22222222222222,8,129.066889154858,3.65853658536585,391
"392","tennessee",42,2017,62.6728110599078,11.0599078341014,0.552995391705069,24,217,136,0.05,1.2,8,268.186308904946,1.21951219512195,392
"393","texas",43,2017,53.3642691415313,19.953596287703,1.91554524361949,86,431,230,0.096,8.256,8,398.241752910017,14.6341463414634,393
"394","utah",44,2017,35.9832635983264,23.4309623430962,3.00396953116618,56,239,86,0.128205128205128,7.17948717948718,8,272.344990239096,29.8780487804878,394
"395","virginia",45,2017,55.6053811659193,11.2107623318386,0.915164271986822,25,223,124,0.0816326530612245,2.04081632653061,8,265.686005928317,12.1951219512195,395
"396","vermont",46,2017,83.3333333333333,9.52380952380952,3.17460317460317,4,42,35,0.333333333333333,1.33333333333333,8,61.8486458027836,71.9512195121951,396
"397","washington",47,2017,49.2424242424242,9.84848484848485,1.14185331576636,39,396,195,0.115942028985507,4.52173913043478,8,307.538999792363,71.9512195121951,397
"398","wisconsin",48,2017,51.2820512820513,16.1172161172161,0.767486481772196,44,273,140,0.0476190476190476,2.09523809523809,8,298.534302131506,26.8292682926829,398
"399","west virginia",49,2017,62.7450980392157,19.6078431372549,0,20,102,64,0,0,8,148.587168356145,10.9756097560976,399
"400","wyoming",50,2017,76.5957446808511,23.4042553191489,1.37672090112641,11,47,36,0.0588235294117647,0.647058823529412,8,2.55437026239133,6.09756097560976,400
"401","alaska",1,2018,76.9230769230769,9.89010989010989,0,9,91,70,0,0,9,243.376057627002,17.0731707317073,401
"402","alabama",2,2018,73.4848484848485,15.9090909090909,0.611888111888112,21,132,97,0.0384615384615385,0.807692307692308,9,128.754886294483,0,402
"403","arkansas",3,2018,63.8888888888889,15.2777777777778,0.449346405228758,22,144,92,0.0294117647058824,0.647058823529412,9,185.081634258285,8.53658536585366,403
"404","arizona",4,2018,44.7174447174447,24.8157248157248,3.71258875195883,101,407,182,0.149606299212598,15.1102362204724,9,435.088692110649,15.8536585365854,404
"405","california",5,2018,50.4660452729694,26.8974700399467,4.06697141497476,404,1502,758,0.151202749140893,61.085910652921,9,1568.5861744655,86.5853658536585,405
"406","colorado",6,2018,48.5148514851485,25.2475247524752,3.99960788158024,102,404,196,0.158415841584158,16.1584158415842,9,410.001655587589,63.4146341463415,406
"407","connecticut",7,2018,70.4545454545455,25,1.69491525423729,55,220,155,0.0677966101694915,3.72881355932203,9,223.614596765461,74.390243902439,407
"408","delaware",8,2018,47.5,25,2.08333333333333,10,40,19,0.0833333333333333,0.833333333333333,9,28.2619366436018,59.1463414634146,408
"409","florida",9,2018,40.2203856749311,26.0330578512397,3.17774415085555,189,726,292,0.122065727699531,23.0704225352113,9,761.416541959098,25,409
"410","georgia",10,2018,35.5421686746988,21.9879518072289,2.22350074455124,73,332,118,0.101123595505618,7.38202247191011,9,415.284392365931,2.4390243902439,410
"411","hawaii",11,2018,85.7142857142857,12.5,0,21,168,144,0,0,9,277.546776157632,68.2926829268293,411
"412","iowa",12,2018,65.8682634730539,11.377245508982,1.42215568862275,19,167,110,0.125,2.375,9,146.242475906727,39.0243902439024,412
"413","idaho",13,2018,56.390977443609,22.5563909774436,1.80451127819549,30,133,75,0.08,2.4,9,146.749101812265,15.8536585365854,413
"414","illinois",14,2018,50.9572901325479,15.7584683357879,1.7881949884582,107,679,346,0.113475177304965,12.1418439716312,9,536.808107920706,69.5121951219512,414
"415","indiana",15,2018,55.4347826086957,11.1413043478261,0.547933000712758,41,368,204,0.0491803278688525,2.01639344262295,9,340.32650947507,21.9512195121951,415
"416","kansas",16,2018,61.4525139664804,17.877094972067,2.55387071029529,32,179,110,0.142857142857143,4.57142857142857,9,130.672206343862,11.5853658536585,416
"417","kentucky",17,2018,39.7129186602871,14.3540669856459,1.10415899889584,60,418,166,0.0769230769230769,4.61538461538462,9,422.701795301165,20.7317073170732,417
"418","louisiana",18,2018,54.4827586206897,18.6206896551724,0,27,145,79,0,0,9,223.579131437912,7.92682926829268,418
"419","massachusetts",19,2018,59.1787439613527,25.8454106280193,3.44605475040258,107,414,245,0.133333333333333,14.2666666666667,9,491.055997899823,75.609756097561,419
"420","maryland",20,2018,30.5084745762712,24.2130750605327,2.64830508474576,100,413,126,0.109375,10.9375,9,469.407326336702,67.6829268292683,420
"421","maine",21,2018,46.4088397790055,22.6519337016575,5.99610009749756,41,181,84,0.264705882352941,10.8529411764706,9,146.637405017562,56.0975609756098,421
"422","michigan",22,2018,55.9139784946236,16.989247311828,2.85800422068134,79,465,260,0.168224299065421,13.2897196261682,9,420.927779836808,29.2682926829268,422
"423","minnesota",23,2018,44.973544973545,14.021164021164,1.90410869423215,53,378,170,0.135802469135802,7.19753086419753,9,297.90692474305,66.4634146341463,423
"424","missouri",24,2018,76.9230769230769,10.2564102564103,0.586080586080586,28,273,210,0.0571428571428571,1.6,9,373.76554543068,15.2439024390244,424
"425","mississippi",25,2018,60.2040816326531,20.4081632653061,2.78293135435993,20,98,59,0.136363636363636,2.72727272727273,9,103.056466506745,6.09756097560976,425
"426","montana",26,2018,70.8333333333333,12.5,0.568181818181818,9,72,51,0.0454545454545455,0.409090909090909,9,98.9866633991614,22.5609756097561,426
"427","north carolina",27,2018,42.6900584795322,21.6374269005848,1.40350877192982,111,513,219,0.0648648648648649,7.2,9,497.73785009259,11.5853658536585,427
"428","north dakota",28,2018,39.7435897435897,12.8205128205128,3.2051282051282,10,78,31,0.25,2.5,9,93.2604322995047,6.70731707317073,428
"429","nebraska",29,2018,69.3548387096774,16.9354838709677,6.23938879456706,21,124,86,0.368421052631579,7.73684210526316,9,86.6828317310668,4.8780487804878,429
"430","new hampshire",30,2018,41.6666666666667,22.2222222222222,0,16,72,30,0,0,9,58.8662779650911,48.1707317073171,430
"431","new jersey",31,2018,49.0514905149051,30.3523035230352,3.01206065495769,112,369,181,0.099236641221374,11.1145038167939,9,394.213510786757,76.8292682926829,431
"432","new mexico",32,2018,64.2857142857143,32.1428571428571,4.43349753694581,45,140,90,0.137931034482759,6.20689655172414,9,72.767030588158,54.2682926829268,432
"433","nevada",33,2018,56.7901234567901,33.3333333333333,5.3030303030303,27,81,46,0.159090909090909,4.29545454545454,9,10.3987070167611,67.0731707317073,433
"434","new york",34,2018,53.6748329621381,18.8195991091314,2.61837900648785,169,898,482,0.139130434782609,23.5130434782609,9,765.254128102037,69.5121951219512,434
"435","ohio",35,2018,67.8879310344828,11.8534482758621,1.45568663036903,55,464,315,0.12280701754386,6.75438596491228,9,330.589343555285,14.0243902439024,435
"436","oklahoma",36,2018,64,24.5,3.11818181818182,49,200,128,0.127272727272727,6.23636363636364,9,273.974361299969,6.09756097560976,436
"437","oregon",37,2018,60.6986899563319,23.5807860262009,1.84947341381968,54,229,139,0.0784313725490196,4.23529411764706,9,145.357929516869,76.219512195122,437
"438","pennsylvania",38,2018,51.3840830449827,17.6470588235294,3.98053958425475,102,578,297,0.225563909774436,23.0075187969925,9,374.879589838799,42.0731707317073,438
"439","rhode island",39,2018,50,8.92857142857143,1.27551020408163,5,56,28,0.142857142857143,0.714285714285714,9,177.186110069938,79.8780487804878,439
"440","south carolina",40,2018,61.4035087719298,7.01754385964912,0.50125313283208,8,114,70,0.0714285714285714,0.571428571428571,9,291.875082941657,4.8780487804878,440
"441","south dakota",41,2018,84.7457627118644,10.1694915254237,1.12994350282486,6,59,50,0.111111111111111,0.666666666666667,9,104.823215768313,4.8780487804878,441
"442","tennessee",42,2018,63.8009049773756,10.4072398190045,0.520361990950226,23,221,141,0.05,1.15,9,254.245791204388,2.4390243902439,442
"443","texas",43,2018,51.792828685259,19.3227091633466,1.85498007968127,97,502,260,0.096,9.312,9,494.262062739856,14.6341463414634,443
"444","utah",44,2018,33.8289962825279,28.2527881040892,3.62215232103708,76,269,91,0.128205128205128,9.74358974358974,9,333.862594934226,28.0487804878049,444
"445","virginia",45,2018,54.5454545454545,15.5844155844156,1.27219719056454,36,231,126,0.0816326530612245,2.93877551020408,9,268.219731006742,13.4146341463415,445
"446","vermont",46,2018,82.6086956521739,13.0434782608696,4.34782608695652,6,46,38,0.333333333333333,2,9,156.159963666211,73.1707317073171,446
"447","washington",47,2018,52.1348314606742,11.9101123595506,1.38088259241166,53,445,232,0.115942028985507,6.14492753623188,9,360.170596058607,78.0487804878049,447
"448","wisconsin",48,2018,48.5074626865672,14.9253731343284,0.710732054015636,40,268,130,0.0476190476190476,1.9047619047619,9,358.167640531308,29.8780487804878,448
"449","west virginia",49,2018,60.1851851851852,14.8148148148148,0,16,108,65,0,0,9,182.122743315299,14.6341463414634,449
"450","wyoming",50,2018,77.3584905660377,15.0943396226415,0.887902330743618,8,53,41,0.0588235294117647,0.470588235294118,9,88.7920587876563,7.92682926829268,450
"451","alaska",1,2019,72.9166666666667,11.4583333333333,0,11,96,70,0,0,10,170.796493225122,15.2439024390244,451
"452","alabama",2,2019,67.9738562091503,16.9934640522876,0.65359477124183,26,153,104,0.0384615384615385,1,10,197.898117298875,0,452
"453","arkansas",3,2019,61.0778443113772,17.9640718562874,0.528355054596689,30,167,102,0.0294117647058824,0.882352941176471,10,163.492079467063,10.9756097560976,453
"454","arizona",4,2019,46.1883408071749,30.4932735426009,4.56198580558596,136,446,206,0.149606299212598,20.3464566929134,10,433.513729371862,17.6829268292683,454
"455","california",5,2019,44.2960489705064,31.9977740678909,4.8381514054543,575,1797,796,0.151202749140893,86.9415807560137,10,2213.34655178389,93.9024390243902,455
"456","colorado",6,2019,50.4901960784314,27.4509803921569,4.34867016113376,112,408,206,0.158415841584158,17.7425742574257,10,391.456138967063,76.219512195122,456
"457","connecticut",7,2019,71.3636363636364,23.6363636363636,1.60246533127889,52,220,157,0.0677966101694915,3.52542372881356,10,263.043835297409,79.8780487804878,457
"458","delaware",8,2019,43.1818181818182,22.7272727272727,1.89393939393939,10,44,19,0.0833333333333333,0.833333333333333,10,-0.789871615424374,59.7560975609756,458
"459","florida",9,2019,41.6551724137931,27.448275862069,3.35049376720091,199,725,302,0.122065727699531,24.2910798122066,10,790.661277736018,26.8292682926829,459
"460","georgia",10,2019,33.5195530726257,22.6256983240223,2.28799196535057,81,358,120,0.101123595505618,8.19101123595506,10,374.19114206845,3.65853658536585,460
"461","hawaii",11,2019,85.6287425149701,14.3712574850299,0,24,167,143,0,0,10,170.739519116661,76.219512195122,461
"462","iowa",12,2019,59.8930481283422,12.2994652406417,1.53743315508021,23,187,112,0.125,2.875,10,115.05791123847,42.6829268292683,462
"463","idaho",13,2019,47.5806451612903,20.1612903225806,1.61290322580645,25,124,59,0.08,2,10,171.698979974254,12.8048780487805,463
"464","illinois",14,2019,52.3870967741936,16.5161290322581,1.87417067032716,128,775,406,0.113475177304965,14.5248226950355,10,639.289972824723,73.780487804878,464
"465","indiana",15,2019,54.1984732824427,11.4503816793893,0.563133525215868,45,393,213,0.0491803278688525,2.21311475409836,10,423.833625324833,26.8292682926829,465
"466","kansas",16,2019,61.4525139664804,18.9944134078212,2.71348762968875,34,179,110,0.142857142857143,4.85714285714286,10,184.832704769667,15.8536585365854,466
"467","kentucky",17,2019,39.8663697104677,18.9309576837416,1.45622751413397,85,449,179,0.0769230769230769,6.53846153846154,10,474.804800587836,20.7317073170732,467
"468","louisiana",18,2019,53.4246575342466,22.6027397260274,0,33,146,78,0,0,10,140.614659572344,6.70731707317073,468
"469","massachusetts",19,2019,56.3926940639269,26.4840182648402,3.53120243531202,116,438,247,0.133333333333333,15.4666666666667,10,548.180416944561,81.7073170731707,469
"470","maryland",20,2019,23.8979118329466,25.9860788863109,2.84222737819025,112,431,103,0.109375,12.25,10,535.748279963402,72.5609756097561,470
"471","maine",21,2019,48.9247311827957,22.0430107526882,5.83491461100569,41,186,91,0.264705882352941,10.8529411764706,10,209.399848528161,68.9024390243902,471
"472","michigan",22,2019,59.5289079229122,21.627408993576,3.6382557185455,101,467,278,0.168224299065421,16.9906542056075,10,381.779001546414,40.8536585365854,472
"473","minnesota",23,2019,43.6724565756824,19.106699751861,2.59473700333915,77,403,176,0.135802469135802,10.4567901234568,10,398.379108118899,70.1219512195122,473
"474","missouri",24,2019,75.0889679715303,13.1672597864769,0.752414844941535,37,281,211,0.0571428571428571,2.11428571428571,10,262.790081665422,13.4146341463415,474
"475","mississippi",25,2019,61.8181818181818,20,2.72727272727273,22,110,68,0.136363636363636,3,10,128.53840492747,9.75609756097561,475
"476","montana",26,2019,69.3181818181818,18.1818181818182,0.826446280991736,16,88,61,0.0454545454545455,0.727272727272727,10,137.980714131019,25,476
"477","north carolina",27,2019,40.7608695652174,25.5434782608696,1.65687426556992,141,552,225,0.0648648648648649,9.14594594594595,10,574.194610631228,18.2926829268293,477
"478","north dakota",28,2019,44.7058823529412,8.23529411764706,2.05882352941176,7,85,38,0.25,1.75,10,149.205951466201,6.70731707317073,478
"479","nebraska",29,2019,73.2824427480916,15.2671755725191,5.62474889513861,20,131,96,0.368421052631579,7.36842105263158,10,41.1019743831503,6.09756097560976,479
"480","new hampshire",30,2019,35,22.5,0,18,80,28,0,0,10,87.6992669888767,52.4390243902439,480
"481","new jersey",31,2019,49.4594594594595,31.6216216216216,3.13802351970291,117,370,183,0.099236641221374,11.6106870229008,10,410.97325697807,78.6585365853659,481
"482","new mexico",32,2019,65.6626506024096,36.7469879518072,5.06855006231824,61,166,109,0.137931034482759,8.41379310344828,10,120.322803455362,63.4146341463415,482
"483","nevada",33,2019,56.6037735849057,31.1320754716981,4.95283018867925,33,106,60,0.159090909090909,5.25,10,42.0186500572799,79.2682926829268,483
"484","new york",34,2019,53.4054054054054,21.9459459459459,3.05334900117509,203,925,494,0.139130434782609,28.2434782608696,10,829.823095855614,89.0243902439024,484
"485","ohio",35,2019,64.9819494584838,15.7039711191336,1.9285578567357,87,554,360,0.12280701754386,10.6842105263158,10,457.216303342773,14.0243902439024,485
"486","oklahoma",36,2019,67.3076923076923,25,3.18181818181818,52,208,140,0.127272727272727,6.61818181818182,10,217.407896666384,8.53658536585366,486
"487","oregon",37,2019,58.1196581196581,24.3589743589744,1.91050779286073,57,234,136,0.0784313725490196,4.47058823529412,10,223.072057375056,79.8780487804878,487
"488","pennsylvania",38,2019,53.1666666666667,22.1666666666667,5,133,600,319,0.225563909774436,30,10,434.362415231931,45.1219512195122,488
"489","rhode island",39,2019,55.9322033898305,13.5593220338983,1.93704600484261,8,59,33,0.142857142857143,1.14285714285714,10,180.230880684223,85.3658536585366,489
"490","south carolina",40,2019,59.504132231405,12.396694214876,0.885478158205431,15,121,72,0.0714285714285714,1.07142857142857,10,189.173629863489,8.53658536585366,490
"491","south dakota",41,2019,79.6610169491525,15.2542372881356,1.69491525423729,9,59,47,0.111111111111111,1,10,112.906749138264,3.65853658536585,491
"492","tennessee",42,2019,63.5782747603834,16.9329073482428,0.846645367412141,53,313,199,0.05,2.65,10,294.886843562761,4.26829268292683,492
"493","texas",43,2019,50.390625,21.09375,2.025,108,512,258,0.096,10.368,10,570.305853623618,12.1951219512195,493
"494","utah",44,2019,33.8709677419355,32.258064516129,4.13564929693962,100,310,105,0.128205128205128,12.8205128205128,10,358.600657968754,33.5365853658537,494
"495","virginia",45,2019,51.5748031496063,16.9291338582677,1.381970110879,43,254,131,0.0816326530612245,3.51020408163265,10,276.045380363544,12.8048780487805,495
"496","vermont",46,2019,79.1666666666667,14.5833333333333,4.86111111111111,7,48,38,0.333333333333333,2.33333333333333,10,58.2200661920882,84.1463414634146,496
"497","washington",47,2019,52.4336283185841,14.3805309734513,1.66730793895088,65,452,237,0.115942028985507,7.53623188405797,10,385.844777877399,79.8780487804878,497
"498","wisconsin",48,2019,46.7391304347826,14.1304347826087,0.67287784679089,39,276,129,0.0476190476190476,1.85714285714286,10,329.973002198349,36.5853658536585,498
"499","west virginia",49,2019,57.7586206896552,12.0689655172414,0,14,116,67,0,0,10,251.041469326898,12.1951219512195,499
"500","wyoming",50,2019,77.1929824561403,29.8245614035088,1.75438596491228,17,57,44,0.0588235294117647,1,10,9.14213506611031,10.9756097560976,500
"501","alabama",1,2020,64.5,16.7741935483871,0.645161290322581,26,383.884637873433,222.462392114514,0.0384615384615385,1,7.05111949835152,155,0,501
"502","alaska",2,2020,74.3,11.4285714285714,0,12,37.5998101690758,44.3963507931344,0,0,3.22300916802157,105,23.8888888888889,502
"503","arizona",3,2020,46.8,28.4116331096197,4.25055928411633,127,361.898207551049,145.49134741215,0.149606299212598,19,6.45260552368154,447,26.1111111111111,503
"504","arkansas",4,2020,56.1,19.8830409356725,0.584795321637427,34,191.575371276201,115.375420906581,0.0294117647058824,1,7.81940269691728,171,13.3333333333333,504
"505","california",5,2020,44.7,33.5640138408304,5.07497116493656,582,2760.12125986233,1430.45491868018,0.151202749140893,88,9.10071540930398,1734,91.6666666666667,505
"506","colorado",6,2020,54.7,25.6997455470738,4.07124681933842,101,266.305294698474,95.7702625753966,0.158415841584158,16,8.7155831290187,393,88.3333333333333,506
"507","connecticut",7,2020,71,28.0952380952381,1.9047619047619,59,289.62347577715,187.305036384311,0.0677966101694915,4,8.48515284443864,210,91.1111111111111,507
"508","delaware",8,2020,38.8,24.4897959183673,2.04081632653061,12,34.1918613259233,-2.86138047010849,0.0833333333333333,1,8.12213963803945,49,70.5555555555556,508
"509","florida",9,2020,41.4,29.9157303370786,3.65168539325843,213,1088.97784283596,553.541248297843,0.122065727699531,26,10.3605045061571,712,31.6666666666667,509
"510","georgia",10,2020,35.1,25.5747126436782,2.58620689655172,89,402.476428425991,190.490951921309,0.101123595505618,9,9.58644475185014,348,14.4444444444444,510
"511","hawaii",11,2020,85.7,17.3913043478261,0,28,144.812436302864,132.195211964031,0,0,5.97025838936586,161,80.5555555555556,511
"512","idaho",12,2020,42.7,22.7272727272727,1.81818181818182,25,204.670465756187,94.5144171342383,0.08,2,8.66171498869437,110,20.5555555555556,512
"513","illinois",13,2020,53.3,19.7755960729313,2.24403927068724,141,516.566546188842,226.690035180723,0.113475177304965,16,4.96808452370441,713,81.1111111111111,513
"514","indiana",14,2020,55,14.6634615384615,0.721153846153846,61,322.837265099305,154.507476720022,0.0491803278688525,3,7.5789315886625,416,31.1111111111111,514
"515","iowa",15,2020,58.9,12.972972972973,1.62162162162162,24,279.527202732667,141.638385289221,0.125,3,6.18638092922386,185,52.2222222222222,515
"516","kansas",16,2020,61.2,16.4705882352941,2.35294117647059,28,76.3524469368874,30.9739448076573,0.142857142857143,4,7.59901683596203,170,29.4444444444444,516
"517","kentucky",17,2020,41.9,19.0775681341719,1.46750524109015,91,362.590834036577,162.384045143345,0.0769230769230769,7,5.76027687643433,477,31.6666666666667,517
"518","louisiana",18,2020,53.5,27.0967741935484,0,42,268.295100694737,154.136775411501,0,0,8.80421830674181,155,8.88888888888889,518
"519","maine",19,2020,49,17.3469387755102,4.59183673469388,34,171.417190140542,52.6933746052506,0.264705882352941,9,6.32569550734634,196,92.2222222222222,519
"520","maryland",20,2020,22.5,29.6296296296296,3.24074074074074,128,586.729993666987,251.664714567268,0.109375,14,11.8516435915734,432,73.8888888888889,520
"521","massachusetts",21,2020,58.4,27.2727272727273,3.63636363636364,120,424.08280246723,211.150008059281,0.133333333333333,16,6.22800611655138,440,86.6666666666667,521
"522","michigan",22,2020,62.4,23.5164835164835,3.95604395604396,107,436.929698261338,244.731527611464,0.168224299065421,18,4.23288143176551,455,44.4444444444444,522
"523","minnesota",23,2020,43.4,20.1995012468828,2.7431421446384,81,493.577172061432,251.475371077379,0.135802469135802,11,9.74718287105789,401,81.1111111111111,523
"524","mississippi",24,2020,65.7,20.952380952381,2.85714285714286,22,132.501362584373,86.2433466231825,0.136363636363636,3,11.7624324826428,105,6.66666666666667,524
"525","missouri",25,2020,76.3,12.589928057554,0.719424460431655,35,264.150850244224,171.430819576792,0.0571428571428571,2,7.75619439366273,278,17.2222222222222,525
"526","montana",26,2020,65.9,17.0542635658915,0.775193798449612,22,43.0273225439104,3.52288175540525,0.0454545454545455,1,8.24014799313012,129,34.4444444444444,526
"527","nebraska",27,2020,71.5,15.4471544715447,5.69105691056911,19,84.5100595099077,49.1867302089409,0.368421052631579,7,5.03951066804713,123,20,527
"528","nevada",28,2020,51.4,40.3669724770642,6.42201834862385,44,27.0675526597024,2.33264193556084,0.159090909090909,7,13.9483022462142,109,91.1111111111111,528
"529","new hampshire",29,2020,37.6,30.2752293577982,0,33,19.7394439772503,-2.48019133236627,0,0,8.08739941192874,109,70.5555555555556,529
"530","new jersey",30,2020,47.3,34.2036553524804,3.39425587467363,131,565.014047643433,249.914809845196,0.099236641221374,13,13.4931037864854,383,81.1111111111111,530
"531","new mexico",31,2020,61.7,35.8024691358025,4.93827160493827,58,105.116117380896,76.3172927046694,0.137931034482759,8,10.2079726123969,162,73.3333333333333,531
"532","new york",32,2020,54.1,25.7270693512304,3.57941834451902,230,978.85528264476,480.985533886875,0.139130434782609,32,8.53206576943463,894,91.6666666666667,532
"533","north carolina",33,2020,37.3,30.278232405892,1.96399345335516,185,859.134027659248,381.965085422324,0.0648648648648649,12,11.7803544835701,611,20.5555555555556,533
"534","north dakota",34,2020,47.1,4.59770114942529,1.14942528735632,4,137.030538085623,42.9315554153673,0.25,1,2.09243788867259,87,11.1111111111111,534
"535","ohio",35,2020,60.3,18.4168012924071,2.26171243941842,114,583.797418003556,293.629048056822,0.12280701754386,14,6.00255993915109,619,20.5555555555556,535
"536","oklahoma",36,2020,71.8,28.2051282051282,3.58974358974359,55,77.0350208521474,63.4173046601824,0.127272727272727,7,8.26036273566103,195,12.2222222222222,536
"537","oregon",37,2020,55.1,20.6477732793522,1.61943319838057,51,310.729351353219,165.956328381591,0.0784313725490196,4,7.69759588243401,247,84.4444444444444,537
"538","pennsylvania",38,2020,52.6,22.0198675496689,4.96688741721854,133,504.799556108201,238.716978463767,0.225563909774436,30,7.00626013787019,604,50,538
"539","rhode island",39,2020,57.1,22.2222222222222,3.17460317460317,14,72.1133147025226,37.7312501597263,0.142857142857143,2,4.60334386447972,63,87.2222222222222,539
"540","south carolina",40,2020,61.3,11.2903225806452,0.806451612903226,14,94.9859435220651,47.0833746204615,0.0714285714285714,1,3.59017169410295,124,13.3333333333333,540
"541","south dakota",41,2020,81,15.5172413793103,1.72413793103448,9,88.6827099582689,115.429788589304,0.111111111111111,1,8.31895174006953,58,8.88888888888889,541
"542","tennessee",42,2020,65,19.2926045016077,0.964630225080386,60,404.717662098663,258.492158981973,0.05,3,10.4094420935929,311,5.55555555555556,542
"543","texas",43,2020,50.9,24.5579567779961,2.35756385068762,125,718.46560358384,376.864929559859,0.096,12,7.79194940594892,509,11.1111111111111,543
"544","utah",44,2020,33.6,35.1351351351351,4.5045045045045,117,411.15115000949,159.042489811818,0.128205128205128,15,9.44937841733607,333,45,544
"545","vermont",45,2020,73.1,11.5384615384615,3.84615384615385,6,168.771040577019,128.030211184615,0.333333333333333,2,3.21470121146933,52,90,545
"546","virginia",46,2020,49.4,19.6787148594378,1.60642570281124,49,280.237484943423,135.543564885347,0.0816326530612245,4,7.62933167064037,249,56.1111111111111,546
"547","washington",47,2020,48.8,15.0984682713348,1.75054704595186,69,453.644926301547,205.594233730905,0.115942028985507,8,4.12304014524092,457,90.5555555555556,547
"548","west virginia",48,2020,55.6,21.4285714285714,0,27,183.876933269107,123.857025860197,0,0,8.70160801114653,126,26.6666666666667,548
"549","wisconsin",49,2020,44.4,14.2372881355932,0.677966101694915,42,425.474128317393,218.891003912313,0.0476190476190476,2,6.40786438194692,295,48.8888888888889,549
"550","wyoming",50,2020,76.7,28.3333333333333,1.66666666666667,17,35.3876991573422,85.7260347751126,0.0588235294117647,1,11.5267224636908,60,18.3333333333333,550
